id,event_id,game_id,season_id,team_id,opponent_team_id,home,goal_player_id,assist1_player_id,assist2_player_id,period,time,time_formatted,seconds,x_location,y_location,location_set,power_play,empty_net,penalty_shot,short_handed,insurance_goal,game_winning,game_tieing,scorer_goal_num,goal_type
2_goal_64,64,2,1,4,6,0,44,34,,1,10:43,10:43,643,456,63,0,0,0,0,0,0,1,0,1,""
2_goal_65,65,2,1,4,6,0,34,40,33,3,2:53,2:53,173,486,68,0,0,0,0,0,1,0,0,1,""
2_goal_66,66,2,1,4,6,0,149,35,33,3,4:57,4:57,297,550,136,0,0,0,0,0,0,0,0,1,""
2_goal_67,67,2,1,4,6,0,45,39,87,3,7:42,7:42,462,544,159,0,0,0,0,0,0,0,0,1,""
3_goal_68,68,3,1,5,3,1,61,50,52,2,16:24,16:24,984,115,232,0,1,0,0,0,0,0,0,1,PP
3_goal_69,69,3,1,3,5,0,26,27,29,2,17:45,17:45,1065,507,111,0,0,0,0,0,0,0,0,1,""
3_goal_70,70,3,1,5,3,1,88,50,49,3,5:18,5:18,318,441,243,0,0,0,0,0,0,0,0,1,""
3_goal_71,71,3,1,3,5,0,32,161,31,3,14:23,14:23,863,66,103,0,0,0,0,0,0,0,0,1,""
3_goal_72,72,3,1,3,5,0,80,84,30,4,1:04,1:04,64,491,113,0,0,0,0,0,0,1,0,1,""
4_goal_73,73,4,1,2,1,0,21,,,1,3:58,3:58,238,518,189,0,0,0,0,0,0,0,0,1,""
4_goal_74,74,4,1,2,1,0,103,105,,1,7:54,7:54,474,503,165,0,0,0,0,0,0,0,0,1,""
4_goal_75,75,4,1,1,2,1,17,16,18,2,7:59,7:59,479,108,159,0,0,0,0,0,0,0,0,1,""
4_goal_76,76,4,1,2,1,0,25,129,,2,8:54,8:54,534,466,135,0,0,0,0,0,0,1,0,1,""
4_goal_77,77,4,1,1,2,1,12,15,167,3,17:20,17:20,1040,163,141,0,1,0,0,0,0,0,0,1,PP
5_goal_78,78,5,1,4,6,1,42,33,86,1,3:58,3:58,238,53,171,0,0,0,0,0,0,0,0,1,""
5_goal_79,79,5,1,6,4,0,100,75,67,2,0:38,0:38,38,535,154,0,1,0,0,0,0,0,0,1,PP
5_goal_80,80,5,1,6,4,0,101,72,69,2,4:57,4:57,297,520,139,0,0,0,0,0,0,0,0,1,""
5_goal_81,81,5,1,4,6,1,34,36,46,2,17:28,17:28,1048,153,162,0,0,0,0,0,0,0,0,2,""
5_goal_82,82,5,1,6,4,0,73,65,71,3,6:34,6:34,394,535,176,0,0,0,0,1,0,1,0,1,SH
6_goal_83,83,6,1,2,3,1,25,78,23,1,17:21,17:21,1041,42,171,0,0,0,0,0,0,1,0,2,""
6_goal_84,84,6,1,2,3,1,25,78,97,3,1:47,1:47,107,212,151,0,0,0,0,0,1,0,0,3,""
6_goal_85,85,6,1,2,3,1,25,24,23,3,17:13,17:13,1033,396,102,0,0,1,0,0,0,0,0,4,EN
8_goal_89,89,8,1,2,6,1,21,24,,1,18:00,18:00,1080,54,155,0,0,0,0,0,0,0,0,2,""
8_goal_93,93,8,1,6,2,0,75,,,2,3:43,3:43,223,514,163,0,0,0,0,0,0,0,0,1,""
8_goal_96,96,8,1,2,6,1,21,104,,2,11:11,11:11,671,58,141,0,0,0,0,0,0,1,0,3,""
8_goal_99,99,8,1,2,6,1,20,21,104,3,8:43,8:43,523,62,159,0,0,0,0,0,1,0,0,1,""
9_goal_86,86,9,1,4,3,1,36,44,40,1,6:08,6:08,368,475,205,0,0,0,0,0,0,0,0,1,""
9_goal_88,88,9,1,3,4,0,31,83,,1,8:14,8:14,494,115,190,0,0,0,0,0,0,0,0,1,""
9_goal_98,98,9,1,3,4,0,157,98,161,2,9:47,9:47,587,400,238,0,1,0,0,0,0,0,0,1,PP
9_goal_91,91,9,1,4,3,1,44,42,36,3,0:26,0:26,26,203,39,0,1,0,0,0,0,0,0,2,PP
9_goal_94,94,9,1,3,4,0,29,156,158,3,4:58,4:58,298,440,154,0,0,0,0,0,0,1,0,1,""
9_goal_95,95,9,1,3,4,0,31,98,161,3,6:03,6:03,363,529,183,0,0,0,0,0,1,0,0,2,""
9_goal_97,97,9,1,3,4,0,31,,,3,18:53,18:53,1133,213,21,0,0,1,0,0,0,0,0,3,EN
10_goal_100,100,10,1,5,6,0,88,60,49,1,9:29,9:29,569,538,153,0,1,0,0,0,0,0,0,2,PP
10_goal_101,101,10,1,5,6,0,57,51,138,1,10:17,10:17,617,550,188,0,1,0,0,0,0,1,0,1,PP
10_goal_102,102,10,1,5,6,0,63,52,50,1,19:44,19:44,1184,506,216,0,0,0,0,0,1,0,0,1,""
10_goal_103,103,10,1,6,5,1,100,74,73,2,1:38,1:38,98,59,159,0,0,0,0,0,0,0,0,2,""
10_goal_104,104,10,1,5,6,0,142,59,,2,5:40,5:40,340,525,189,0,0,0,0,0,0,0,0,1,""
10_goal_105,105,10,1,5,6,0,57,138,56,3,11:34,11:34,694,543,191,0,0,0,0,0,0,0,0,2,""
11_goal_106,106,11,1,3,1,1,83,80,98,2,0:33,0:33,33,170,67,0,0,0,0,0,0,0,0,1,""
11_goal_107,107,11,1,3,1,1,32,161,30,2,1:02,1:02,62,88,148,0,0,0,0,0,0,0,0,2,""
11_goal_108,108,11,1,1,3,0,9,109,,2,4:15,4:15,255,526,143,0,0,0,0,1,0,0,0,1,SH
11_goal_109,109,11,1,1,3,0,1,17,16,2,5:46,5:46,346,541,148,0,0,0,0,0,0,0,0,1,""
11_goal_111,111,11,1,1,3,0,110,109,16,4,2:17,2:17,137,549,120,0,0,0,0,0,0,1,0,1,""
12_goal_112,112,12,1,2,4,1,24,115,,1,7:14,7:14,434,205,238,0,0,0,0,0,0,0,0,1,""
12_goal_113,113,12,1,2,4,1,23,78,,1,11:22,11:22,682,111,139,0,0,0,0,0,0,0,0,1,""
12_goal_114,114,12,1,4,2,0,34,44,42,2,14:23,14:23,863,552,166,0,1,0,0,0,0,0,0,3,PP
12_goal_115,115,12,1,4,2,0,36,34,44,3,10:49,10:49,649,551,147,0,1,0,0,0,0,0,0,2,PP
12_goal_116,116,12,1,4,2,0,86,44,35,4,4:01,4:01,241,485,190,0,0,0,0,0,0,1,0,1,""
13_goal_117,117,13,1,3,4,1,156,27,158,1,16:50,16:50,1010,81,133,0,0,0,0,0,0,0,0,1,""
13_goal_118,118,13,1,3,4,1,159,98,161,1,17:07,17:07,1027,212,145,0,0,0,0,0,0,0,0,1,""
13_goal_119,119,13,1,4,3,0,87,44,34,2,8:14,8:14,494,390,131,0,1,0,0,0,0,0,0,1,PP
13_goal_120,120,13,1,4,3,0,36,34,,3,0:11,0:11,11,466,66,0,0,0,0,0,0,0,0,3,""
13_goal_121,121,13,1,3,4,1,31,98,,3,13:46,13:46,826,81,140,0,0,0,0,0,0,1,0,4,""
14_goal_123,123,14,1,6,1,1,89,72,71,1,9:00,9:00,540,64,134,0,0,0,0,0,0,0,0,1,""
14_goal_126,126,14,1,1,6,0,8,15,,2,12:38,12:38,758,522,186,0,0,0,0,0,0,0,0,1,""
14_goal_128,128,14,1,1,6,0,12,15,8,2,18:38,18:38,1118,467,185,0,0,0,0,0,0,0,0,2,""
14_goal_129,129,14,1,6,1,1,89,65,72,3,7:45,7:45,465,55,148,0,0,0,0,0,0,0,0,2,""
14_goal_130,130,14,1,1,6,0,8,15,2,3,18:10,18:10,1090,527,195,0,0,0,0,0,0,1,0,2,""
15_goal_122,122,15,1,5,2,1,56,53,57,1,3:41,3:41,221,93,218,0,0,0,0,0,0,0,0,1,""
15_goal_124,124,15,1,5,2,1,49,60,88,1,10:55,10:55,655,51,162,0,1,0,0,0,0,0,0,1,PP
15_goal_125,125,15,1,2,5,0,78,21,24,2,3:21,3:21,201,431,53,0,1,0,0,0,0,0,0,1,PP
15_goal_127,127,15,1,2,5,0,25,23,,2,11:20,11:20,680,554,100,0,0,0,0,1,0,0,0,5,SH
15_goal_131,131,15,1,2,5,0,78,25,,4,1:57,1:57,117,506,250,0,0,0,0,0,0,1,0,2,""
16_goal_132,132,16,1,4,1,0,35,,,1,17:12,17:12,1032,421,91,0,0,0,0,0,0,0,0,1,""
16_goal_133,133,16,1,4,1,0,36,34,40,2,0:26,0:26,26,459,153,0,0,0,0,0,0,1,0,4,""
16_goal_134,134,16,1,4,1,0,35,45,,2,2:04,2:04,124,494,153,0,0,0,0,0,1,0,0,2,""
16_goal_135,135,16,1,1,4,1,8,15,2,3,1:12,1:12,72,83,166,0,0,0,0,0,0,0,0,3,""
16_goal_136,136,16,1,4,1,0,35,,,3,17:07,17:07,1027,346,168,0,0,1,0,0,0,0,0,3,EN
17_goal_137,137,17,1,3,6,1,81,159,,1,11:21,11:21,681,75,134,0,0,0,0,0,0,0,0,1,""
17_goal_138,138,17,1,6,3,0,71,72,,2,3:01,3:01,181,533,107,0,0,0,0,0,0,0,0,1,""
17_goal_139,139,17,1,3,6,1,31,26,159,2,8:20,8:20,500,67,154,0,0,0,0,0,0,0,0,5,""
17_goal_140,140,17,1,6,3,0,66,72,65,3,2:32,2:32,152,446,144,0,0,0,0,0,0,0,0,1,""
17_goal_141,141,17,1,6,3,0,100,75,66,3,18:36,18:36,1116,542,153,0,0,0,0,0,0,0,0,3,""
17_goal_142,142,17,1,3,6,1,31,83,,3,19:42,19:42,1182,58,149,0,0,0,0,0,0,0,0,6,""
18_goal_143,143,18,1,5,6,1,53,138,56,1,5:00,5:00,300,27,241,0,0,0,0,0,0,0,0,1,""
18_goal_144,144,18,1,6,5,0,69,76,,1,11:08,11:08,668,465,191,0,0,0,0,0,0,0,0,1,""
18_goal_145,145,18,1,5,6,1,58,51,,1,12:00,12:00,720,104,173,0,0,0,0,0,0,1,0,1,""
18_goal_146,146,18,1,5,6,1,49,50,52,3,19:17,19:17,1157,584,94,0,0,1,0,1,1,0,0,2,EN.SH
19_goal_147,147,19,1,1,5,0,15,12,,1,8:38,8:38,518,478,121,0,1,0,0,0,0,0,0,1,PP
19_goal_148,148,19,1,1,5,0,16,18,167,1,17:37,17:37,1057,555,123,0,0,0,0,0,0,0,0,1,""
19_goal_150,150,19,1,5,1,1,54,142,,2,15:34,15:34,934,45,136,0,0,0,0,0,0,0,0,1,""
19_goal_151,151,19,1,5,1,1,49,61,58,3,3:46,3:46,226,63,145,0,1,0,0,0,0,0,0,3,PP
19_goal_153,153,19,1,1,5,0,17,109,15,3,19:08,19:08,1148,553,182,0,0,0,0,0,0,1,0,2,""
20_goal_149,149,20,1,3,2,0,32,161,164,1,4:12,4:12,252,443,225,0,0,0,0,0,0,0,0,3,""
20_goal_152,152,20,1,2,3,1,115,97,103,2,11:51,11:51,711,51,150,0,0,0,0,0,0,0,0,1,""
20_goal_154,154,20,1,3,2,0,161,98,163,3,13:54,13:54,834,540,147,0,0,0,0,0,0,1,0,1,""
21_goal_155,155,21,1,6,4,1,100,89,74,2,16:31,16:31,991,54,128,0,0,0,0,0,0,1,0,4,""
21_goal_156,156,21,1,6,4,1,100,71,66,3,13:16,13:16,796,33,169,0,0,0,0,0,1,0,0,5,""
22_goal_157,157,22,1,3,5,1,32,83,,1,13:37,13:37,817,38,178,0,0,0,0,0,0,0,0,4,""
22_goal_164,164,22,1,5,3,0,61,58,56,3,6:10,6:10,370,503,195,0,1,0,0,0,0,0,0,2,PP
22_goal_165,165,22,1,3,5,1,98,80,84,4,3:30,3:30,210,68,157,0,0,0,0,0,0,1,0,1,""
23_goal_159,159,23,1,1,2,1,7,16,5,1,5:35,5:35,335,202,242,0,0,0,0,0,0,0,0,1,""
23_goal_160,160,23,1,1,2,1,9,4,14,1,6:05,6:05,365,515,98,0,0,0,0,0,0,0,0,2,""
23_goal_161,161,23,1,2,1,0,105,97,102,1,13:07,13:07,787,87,131,0,0,0,0,0,0,0,0,1,""
23_goal_162,162,23,1,1,2,1,15,8,13,1,14:27,14:27,867,513,157,0,0,0,0,0,0,0,0,2,""
23_goal_163,163,23,1,2,1,0,25,24,21,2,19:22,19:22,1162,506,98,0,0,0,0,0,0,0,0,6,""
23_goal_166,166,23,1,2,1,0,20,24,25,3,19:07,19:07,1147,532,176,0,0,0,0,0,0,0,0,2,""
23_goal_167,167,23,1,1,2,1,13,12,15,4,0:52,0:52,52,473,111,0,0,0,0,0,0,1,0,1,""
24_goal_168,168,24,1,2,4,0,117,20,23,1,15:47,15:47,947,416,174,0,0,0,0,0,0,0,0,1,""
24_goal_169,169,24,1,4,2,1,44,47,34,3,0:23,0:23,23,53,123,0,1,0,0,0,0,0,0,3,PP
24_goal_170,170,24,1,2,4,0,114,23,22,4,2:56,2:56,176,546,125,0,0,0,0,0,0,1,0,1,""
25_goal_171,171,25,1,6,2,1,100,75,72,1,19:06,19:06,1146,48,141,0,1,0,0,0,0,0,0,6,PP
25_goal_172,172,25,1,2,6,0,20,23,90,2,12:05,12:05,725,552,128,0,0,0,0,0,0,0,0,3,""
25_goal_173,173,25,1,6,2,1,67,,,2,17:15,17:15,1035,113,140,0,0,0,0,0,0,1,0,1,""
25_goal_174,174,25,1,6,2,1,76,100,73,3,11:24,11:24,684,56,160,0,0,0,0,0,1,0,0,1,""
25_goal_175,175,25,1,6,2,1,100,71,,3,11:40,11:40,700,59,129,0,0,0,0,0,0,0,0,7,""
26_goal_176,176,26,1,5,4,1,62,53,51,1,7:37,7:37,457,201,81,0,0,0,0,0,0,0,0,1,""
26_goal_177,177,26,1,5,4,1,49,61,,3,2:20,2:20,140,66,175,0,0,0,0,0,0,0,0,4,""
26_goal_178,178,26,1,5,4,1,56,63,53,3,9:13,9:13,553,182,141,0,1,0,0,0,0,0,0,2,PP
26_goal_179,179,26,1,4,5,0,42,87,,3,14:54,14:54,894,491,201,0,0,0,0,0,0,0,0,2,""
26_goal_180,180,26,1,4,5,0,35,36,33,3,15:38,15:38,938,553,113,0,0,0,0,0,0,0,0,4,""
26_goal_181,181,26,1,4,5,0,34,42,36,3,16:33,16:33,993,521,159,0,1,0,0,0,0,0,0,4,PP
26_goal_182,182,26,1,4,5,0,34,44,42,4,2:12,2:12,132,489,225,0,0,0,0,0,0,1,0,5,""
27_goal_183,183,27,1,3,1,0,83,31,98,1,15:59,15:59,959,501,182,0,0,0,0,0,0,0,0,2,""
27_goal_184,184,27,1,1,3,1,18,1,,3,4:12,4:12,252,125,153,0,0,0,0,0,0,0,0,1,""
27_goal_185,185,27,1,3,1,0,32,83,31,4,2:36,2:36,156,507,165,0,0,0,0,0,0,1,0,5,""
28_goal_187,187,28,1,5,2,0,51,62,55,1,5:29,5:29,329,459,194,0,0,0,0,0,0,0,0,1,""
28_goal_197,197,28,1,2,5,1,114,23,11,2,2:35,2:35,155,43,165,0,1,0,0,0,0,0,0,2,PP
28_goal_196,196,28,1,2,5,1,79,20,114,3,3:35,3:35,215,213,279,0,0,0,0,0,0,1,0,1,""
29_goal_186,186,29,1,6,1,0,75,73,67,1,14:13,14:13,853,476,177,0,0,0,0,0,0,0,0,2,""
29_goal_188,188,29,1,6,1,0,100,133,64,2,11:49,11:49,709,512,168,0,1,0,0,0,0,0,0,8,PP
29_goal_189,189,29,1,6,1,0,100,75,,2,17:07,17:07,1027,525,161,0,0,0,0,0,0,0,0,9,""
29_goal_191,191,29,1,1,6,1,16,17,12,3,6:04,6:04,364,111,128,0,0,0,0,0,0,0,0,2,""
29_goal_192,192,29,1,6,1,0,68,73,,3,7:28,7:28,448,447,165,0,0,0,0,0,0,1,0,1,""
29_goal_193,193,29,1,1,6,1,1,12,9,3,8:25,8:25,505,83,191,0,0,0,0,1,0,0,0,2,SH
29_goal_194,194,29,1,6,1,0,100,65,73,3,17:32,17:32,1052,523,181,0,0,1,0,0,1,0,0,10,EN
29_goal_195,195,29,1,1,6,1,9,,,3,18:32,18:32,1112,177,224,0,0,0,0,0,0,0,0,3,""
30_goal_198,198,30,1,6,3,1,65,69,89,3,5:11,5:11,311,66,165,0,0,0,0,0,0,1,0,1,""
30_goal_199,199,30,1,6,3,1,89,74,,3,15:21,15:21,921,119,174,0,0,0,0,0,1,0,0,3,""
30_goal_200,200,30,1,6,3,1,125,,,3,15:53,15:53,953,227,142,0,0,1,0,0,0,0,0,1,EN
31_goal_201,201,31,1,2,5,0,103,,,1,18:33,18:33,1113,543,174,0,0,0,0,0,0,0,0,2,""
31_goal_202,202,31,1,5,2,1,53,51,57,2,10:04,10:04,604,45,173,0,0,0,0,0,0,0,0,2,""
31_goal_203,203,31,1,2,5,0,25,79,,2,19:41,19:41,1181,529,183,0,0,0,0,0,0,1,0,7,""
32_goal_204,204,32,1,4,1,0,86,87,148,1,14:59,14:59,899,526,158,0,0,0,0,0,0,0,0,2,""
32_goal_205,205,32,1,1,4,1,12,,,3,18:56,18:56,1136,179,211,0,0,0,0,0,0,0,0,3,""
32_goal_206,206,32,1,4,1,0,34,87,86,4,2:28,2:28,148,490,115,0,0,0,0,0,0,1,0,6,""
33_goal_207,207,33,1,3,2,1,26,84,159,1,3:41,3:41,221,52,154,0,1,0,0,0,0,0,0,2,PP
33_goal_208,208,33,1,2,3,0,20,102,,1,17:42,17:42,1062,537,154,0,0,0,0,0,0,0,0,4,""
33_goal_209,209,33,1,3,2,1,158,162,30,2,14:06,14:06,846,49,159,0,0,0,0,0,0,1,0,1,""
34_goal_217,217,34,1,1,5,1,8,15,10,1,7:35,7:35,455,160,96,0,0,0,0,0,0,0,0,4,""
34_goal_218,218,34,1,5,1,0,88,63,62,1,16:35,16:35,995,554,143,0,0,0,0,0,0,0,0,3,""
34_goal_220,220,34,1,1,5,1,78,12,7,2,0:45,0:45,45,200,234,0,0,0,0,0,0,1,0,3,""
34_goal_224,224,34,1,1,5,1,13,,,3,13:49,13:49,829,99,198,0,0,0,0,0,1,0,0,2,""
35_goal_216,216,35,1,4,3,1,34,42,87,1,2:43,2:43,163,99,207,0,1,0,0,0,0,0,0,7,PP
35_goal_219,219,35,1,4,3,1,34,42,,1,18:47,18:47,1127,88,147,0,0,0,0,1,0,0,0,8,SH
35_goal_221,221,35,1,3,4,0,32,157,161,2,16:04,16:04,964,483,245,0,1,0,0,0,0,0,0,6,PP
35_goal_223,223,35,1,3,4,0,98,161,162,3,8:29,8:29,509,494,108,0,0,0,0,0,0,0,0,2,""
36_goal_226,226,36,1,6,4,1,73,76,71,3,12:34,12:34,754,85,126,0,0,0,0,0,0,0,0,2,""
36_goal_227,227,36,1,4,6,0,44,86,34,3,19:52,19:52,1192,543,159,0,0,0,0,0,0,0,0,4,""
37_goal_228,228,37,1,3,5,1,161,32,31,1,9:12,9:12,552,93,114,0,1,0,0,0,0,0,0,2,PP
37_goal_229,229,37,1,5,3,0,141,142,49,1,10:45,10:45,645,543,153,0,0,0,0,0,0,0,0,1,""
37_goal_230,230,37,1,3,5,1,26,84,,2,18:12,18:12,1092,54,147,0,0,0,0,1,0,0,0,3,SH
37_goal_231,231,37,1,3,5,1,80,81,157,3,2:10,2:10,130,114,153,0,0,0,0,0,0,0,0,2,""
37_goal_232,232,37,1,5,3,0,63,88,58,3,4:32,4:32,272,560,127,0,0,0,0,0,0,0,0,3,""
37_goal_233,233,37,1,3,5,1,26,83,31,3,8:30,8:30,510,94,157,0,0,0,0,0,0,1,0,4,""
37_goal_234,234,37,1,5,3,0,88,62,63,3,13:33,13:33,813,547,195,0,1,0,0,0,0,0,0,4,PP
37_goal_235,235,37,1,3,5,1,26,31,32,3,15:25,15:25,925,99,91,0,0,0,0,0,1,0,0,5,""
37_goal_236,236,37,1,3,5,1,98,158,27,3,16:44,16:44,1004,143,87,0,0,1,0,0,0,0,0,3,EN
38_goal_237,237,38,1,1,2,0,17,78,16,2,8:39,8:39,519,60,154,0,0,0,0,0,0,1,0,3,""
38_goal_238,238,38,1,1,2,0,109,,,3,19:52,19:52,1192,396,196,0,0,1,0,0,1,0,0,1,EN
39_goal_246,246,39,1,5,4,1,56,,,1,2:30,2:30,150,48,134,0,0,0,0,0,0,0,0,3,""
39_goal_247,247,39,1,5,4,1,137,55,,2,10:12,10:12,612,88,178,0,0,0,0,1,0,0,0,1,SH
39_goal_248,248,39,1,4,5,0,33,,,2,10:50,10:50,650,521,168,0,0,0,0,0,0,0,0,1,""
39_goal_249,249,39,1,4,5,0,87,34,,3,9:28,9:28,568,491,165,0,1,0,0,0,0,0,0,2,PP
39_goal_250,250,39,1,5,4,1,57,51,,3,15:54,15:54,954,51,129,0,0,0,0,0,0,1,0,5,""
39_goal_251,251,39,1,5,4,1,49,88,,3,19:56,19:56,1196,385,153,0,0,1,0,0,1,0,0,5,EN
40_goal_239,239,40,1,6,2,0,76,73,67,1,5:45,5:45,345,505,144,0,0,0,0,0,0,0,0,2,""
40_goal_240,240,40,1,2,6,1,11,23,20,1,7:37,7:37,457,100,75,0,0,0,0,0,0,0,0,1,""
40_goal_241,241,40,1,6,2,0,68,71,125,2,2:01,2:01,121,166,155,0,1,0,0,0,0,0,0,2,PP
40_goal_242,242,40,1,2,6,1,90,20,129,2,11:32,11:32,692,394,218,0,0,0,0,0,0,0,0,1,""
40_goal_243,243,40,1,6,2,0,75,67,,3,15:00,15:00,900,544,176,0,0,0,0,0,0,0,0,3,""
40_goal_244,244,40,1,2,6,1,11,25,,3,19:38,19:38,1178,188,193,0,0,0,0,0,0,0,0,2,""
40_goal_245,245,40,1,6,2,0,75,71,73,4,3:46,3:46,226,130,62,0,0,0,0,0,0,1,0,4,""
41_goal_252,252,41,1,6,5,0,100,75,67,1,12:53,12:53,773,534,148,0,1,0,0,0,0,0,0,11,PP
41_goal_254,254,41,1,6,5,0,69,125,67,2,2:46,2:46,166,504,171,0,0,0,0,0,0,0,0,2,""
41_goal_255,255,41,1,6,5,0,89,100,75,2,4:43,4:43,283,553,145,0,0,0,0,0,0,1,0,4,""
41_goal_256,256,41,1,6,5,0,126,125,,2,5:14,5:14,314,477,146,0,0,0,0,0,1,0,0,1,""
41_goal_257,257,41,1,5,6,1,57,61,53,2,11:16,11:16,676,38,165,0,0,0,0,0,0,0,0,6,""
41_goal_260,260,41,1,5,6,1,50,60,88,3,5:49,5:49,349,76,149,0,0,0,0,0,0,0,0,1,""
41_goal_261,261,41,1,6,5,0,66,73,76,3,18:27,18:27,1107,412,257,0,0,1,0,0,0,0,0,2,EN
42_goal_253,253,42,1,3,1,1,31,,,1,3:51,3:51,231,90,123,0,0,0,0,0,0,0,0,7,""
42_goal_258,258,42,1,3,1,1,168,31,,2,4:50,4:50,290,57,105,0,0,0,0,0,0,1,0,1,""
42_goal_259,259,42,1,1,3,0,13,15,,2,14:55,14:55,895,470,117,0,0,0,0,0,0,0,0,3,""
42_goal_262,262,42,1,3,1,1,83,99,31,3,2:29,2:29,149,196,61,0,0,0,0,0,1,0,0,3,""
43_goal_263,263,43,1,2,4,0,23,25,104,2,1:33,1:33,93,535,166,0,0,0,0,0,0,1,0,2,""
43_goal_264,264,43,1,2,4,0,114,79,11,2,3:55,3:55,235,476,195,0,1,0,0,0,1,0,0,3,PP
44_goal_265,265,44,1,2,5,1,114,21,20,1,7:23,7:23,443,52,176,0,0,0,0,0,0,0,0,4,""
44_goal_269,269,44,1,2,5,1,104,25,90,1,11:22,11:22,682,66,184,0,0,0,0,0,0,0,0,1,""
44_goal_266,266,44,1,5,2,0,61,,,1,12:41,12:41,761,495,154,0,1,0,0,0,0,0,0,3,PP
44_goal_268,268,44,1,5,2,0,88,63,58,1,15:26,15:26,926,503,176,0,0,0,0,0,0,0,0,5,""
44_goal_270,270,44,1,5,2,0,88,63,58,2,0:52,0:52,52,524,137,0,1,0,0,0,0,0,0,6,PP
44_goal_271,271,44,1,2,5,1,104,25,23,3,8:51,8:51,531,136,125,0,0,0,0,0,0,0,0,2,""
45_goal_272,272,45,1,6,1,1,74,75,100,1,3:25,3:25,205,80,147,0,0,0,0,0,0,0,0,1,""
45_goal_276,276,45,1,6,1,1,100,,,1,17:37,17:37,1057,103,209,0,0,0,0,0,0,1,0,12,""
45_goal_279,279,45,1,6,1,1,66,67,76,2,16:34,16:34,994,181,181,0,0,0,0,0,1,0,0,3,""
45_goal_282,282,45,1,1,6,0,10,9,110,3,14:25,14:25,865,399,135,0,0,0,0,0,0,0,0,1,""
46_goal_274,274,46,1,3,4,0,27,158,99,1,5:30,5:30,330,493,135,0,0,0,0,0,0,0,0,1,""
46_goal_273,273,46,1,3,4,0,81,157,80,1,11:03,11:03,663,515,171,0,0,0,0,0,0,0,0,2,""
46_goal_275,275,46,1,3,4,0,156,31,98,1,15:37,15:37,937,524,104,0,0,0,0,0,0,0,0,2,""
46_goal_278,278,46,1,4,3,1,36,42,34,1,16:49,16:49,1009,61,180,0,1,0,0,0,0,0,0,5,PP
46_goal_280,280,46,1,4,3,1,42,44,87,2,14:28,14:28,868,95,123,0,1,0,0,0,0,0,0,3,PP
46_goal_281,281,46,1,3,4,0,31,32,,3,4:23,4:23,263,524,186,0,0,0,0,0,0,1,0,8,""
46_goal_283,283,46,1,4,3,1,36,44,87,3,8:06,8:06,486,67,169,0,1,0,0,0,0,0,0,6,PP
47_goal_284,284,47,1,6,3,1,89,100,75,1,1:20,1:20,80,63,136,0,0,0,0,0,0,1,0,5,""
47_goal_285,285,47,1,6,3,1,72,131,69,3,3:47,3:47,227,162,51,0,0,0,0,0,1,0,0,1,""
47_goal_286,286,47,1,6,3,1,73,76,74,3,18:54,18:54,1134,98,136,0,0,1,0,1,0,0,0,3,EN.SH
48_goal_287,287,48,1,1,4,1,1,16,,1,3:57,3:57,237,29,235,0,0,0,0,0,0,0,0,3,""
48_goal_288,288,48,1,4,1,0,37,39,33,2,16:21,16:21,981,549,187,0,0,0,0,0,0,0,0,1,""
48_goal_289,289,48,1,4,1,0,87,35,34,2,18:28,18:28,1108,387,275,0,0,0,0,0,0,0,0,3,""
48_goal_291,291,48,1,1,4,1,18,78,15,3,5:22,5:22,322,98,169,0,0,0,0,0,0,0,0,2,""
48_goal_292,292,48,1,1,4,1,1,16,,4,1:48,1:48,108,51,142,0,0,0,0,0,0,1,0,4,""
49_goal_290,290,49,1,5,3,0,58,88,62,1,19:23,19:23,1163,522,199,0,1,0,0,0,0,0,0,3,PP
49_goal_293,293,49,1,5,3,0,63,88,60,2,13:15,13:15,795,471,104,0,0,0,0,0,0,0,0,4,""
49_goal_294,294,49,1,3,5,1,32,83,30,3,11:10,11:10,670,179,232,0,1,0,0,0,0,0,0,7,PP
49_goal_295,295,49,1,5,3,0,62,58,88,3,13:24,13:24,804,393,190,0,1,0,0,0,0,1,0,2,PP
49_goal_296,296,49,1,3,5,1,168,32,84,3,17:02,17:02,1022,84,133,0,0,0,0,0,0,0,0,2,""
49_goal_297,297,49,1,5,3,0,57,61,53,3,18:55,18:55,1135,513,181,0,0,1,0,0,1,0,0,7,EN
50_goal_298,298,50,1,2,1,1,20,21,90,1,18:12,18:12,1092,79,177,0,0,0,0,0,0,1,0,5,""
50_goal_299,299,50,1,2,1,1,115,11,20,2,6:43,6:43,403,49,131,0,0,0,0,0,1,0,0,2,""
50_goal_300,300,50,1,2,1,1,25,79,23,3,14:43,14:43,883,113,281,0,1,0,0,0,0,0,0,8,PP
50_goal_301,301,50,1,2,1,1,21,,,3,17:57,17:57,1077,466,127,0,0,1,0,0,0,0,0,4,EN
51_goal_302,302,51,1,2,4,1,115,90,,1,8:32,8:32,512,107,177,0,0,0,0,0,0,0,0,3,""
51_goal_303,303,51,1,2,4,1,25,11,24,1,9:35,9:35,575,205,75,0,0,0,0,0,0,1,0,9,""
51_goal_304,304,51,1,2,4,1,102,92,,2,9:13,9:13,553,62,156,0,0,0,0,0,1,0,0,1,""
51_goal_305,305,51,1,4,2,0,42,36,44,2,18:20,18:20,1100,529,142,0,1,0,0,0,0,0,0,4,PP
51_goal_306,306,51,1,2,4,1,115,21,20,3,8:49,8:49,529,75,105,0,0,0,0,0,0,0,0,4,""
51_goal_307,307,51,1,2,4,1,20,25,21,3,9:05,9:05,545,80,148,0,0,0,0,0,0,0,0,6,""
52_goal_313,313,52,1,1,6,0,167,16,5,1,11:21,11:21,681,489,109,0,1,0,0,0,0,0,0,1,PP
52_goal_315,315,52,1,6,1,1,67,89,75,3,2:14,2:14,134,141,167,0,1,0,0,0,0,0,0,2,PP
52_goal_316,316,52,1,6,1,1,100,75,,3,7:05,7:05,425,114,143,0,1,0,0,0,0,1,0,13,PP
53_goal_314,314,53,1,5,4,0,63,88,58,1,17:31,17:31,1051,531,95,0,0,0,0,0,0,1,0,5,""
53_goal_317,317,53,1,5,4,0,58,60,55,3,17:23,17:23,1043,508,157,0,0,0,0,0,1,0,0,4,""
53_goal_318,318,53,1,5,4,0,53,88,142,3,18:58,18:58,1138,354,123,0,0,1,0,0,0,0,0,4,EN
54_goal_319,319,54,1,6,5,0,100,89,,2,8:56,8:56,536,462,159,0,0,0,0,0,0,0,0,14,""
54_goal_320,320,54,1,6,5,0,100,68,,2,12:07,12:07,727,533,177,0,0,0,0,1,0,0,0,15,SH
54_goal_321,321,54,1,5,6,1,63,58,56,2,19:55,19:55,1195,90,137,0,1,0,0,0,0,0,0,6,PP
54_goal_322,322,54,1,5,6,1,61,53,62,3,0:38,0:38,38,43,133,0,0,0,0,0,0,0,0,4,""
54_goal_323,323,54,1,5,6,1,58,88,,3,8:24,8:24,504,54,131,0,0,0,0,0,0,0,0,5,""
54_goal_324,324,54,1,5,6,1,63,56,,3,14:58,14:58,898,79,106,0,0,0,0,0,0,1,0,7,""
54_goal_325,325,54,1,6,5,0,75,73,,3,16:21,16:21,981,579,53,0,0,0,0,0,0,0,0,5,""
54_goal_326,326,54,1,5,6,1,63,58,88,3,18:32,18:32,1112,216,143,0,0,1,0,0,1,0,0,8,EN
55_goal_327,327,55,1,3,2,0,84,156,98,1,2:36,2:36,156,526,158,0,0,0,0,0,0,0,0,1,""
55_goal_328,328,55,1,3,2,0,98,156,,1,5:53,5:53,353,535,163,0,0,0,0,0,0,0,0,4,""
55_goal_329,329,55,1,2,3,1,90,79,116,2,5:40,5:40,340,222,186,0,0,0,0,0,0,0,0,2,""
55_goal_330,330,55,1,2,3,1,24,11,20,2,6:04,6:04,364,135,212,0,0,0,0,0,0,0,0,2,""
56_goal_332,332,56,1,4,1,1,35,47,33,2,2:12,2:12,132,61,151,0,1,0,0,0,0,0,0,5,PP
56_goal_333,333,56,1,4,1,1,37,35,34,2,5:29,5:29,329,58,175,0,1,0,0,0,0,0,0,2,PP
56_goal_334,334,56,1,1,4,0,15,13,2,2,6:27,6:27,387,549,100,0,0,0,0,0,0,0,0,3,""
56_goal_335,335,56,1,4,1,1,35,37,33,3,7:14,7:14,434,49,172,0,1,0,0,0,0,1,0,6,PP
56_goal_336,336,56,1,1,4,0,18,49,12,3,10:15,10:15,615,490,128,0,0,0,0,0,0,0,0,3,""
57_goal_342,342,57,1,1,6,1,2,15,78,2,14:28,14:28,868,142,132,0,0,0,0,0,0,0,0,1,""
57_goal_343,343,57,1,1,6,1,78,10,,2,17:45,17:45,1065,150,249,0,0,0,0,0,0,1,0,4,""
57_goal_344,344,57,1,6,1,0,67,73,71,3,9:03,9:03,543,513,216,0,0,0,0,0,0,0,0,3,""
58_goal_337,337,58,1,3,2,1,30,31,83,1,7:22,7:22,442,57,134,0,1,0,0,0,0,0,0,2,PP
58_goal_338,338,58,1,3,2,1,31,83,32,1,17:52,17:52,1072,92,182,0,1,0,0,0,0,0,0,9,PP
58_goal_339,339,58,1,2,3,0,25,115,11,2,4:59,4:59,299,465,46,0,1,0,0,0,0,0,0,10,PP
58_goal_340,340,58,1,2,3,0,23,11,20,2,9:23,9:23,563,541,165,0,0,0,0,0,0,0,0,3,""
58_goal_341,341,58,1,2,3,0,91,21,11,2,10:47,10:47,647,536,171,0,0,0,0,0,0,0,0,1,""
58_goal_345,345,58,1,3,2,1,32,83,31,3,17:37,17:37,1057,147,242,0,0,0,0,0,0,0,0,8,""
58_goal_346,346,58,1,3,2,1,30,32,83,3,19:14,19:14,1154,141,147,0,1,0,0,0,0,1,0,3,PP
59_goal_355,355,59,1,5,2,1,58,,,1,17:14,17:14,1034,34,177,0,0,0,0,0,0,1,0,6,""
59_goal_356,356,59,1,5,2,1,58,53,,2,4:07,4:07,247,64,133,0,0,0,0,0,1,0,0,7,""
59_goal_357,357,59,1,5,2,1,50,161,,2,11:01,11:01,661,67,122,0,0,0,0,0,0,0,0,2,""
59_goal_358,358,59,1,5,2,1,58,63,161,3,15:39,15:39,939,66,131,0,0,0,0,0,0,0,0,8,""
60_goal_361,361,60,1,3,4,1,163,98,,1,13:09,13:09,789,291,243,0,0,0,0,0,0,0,0,1,""
60_goal_363,363,60,1,3,4,1,30,31,83,2,9:10,9:10,550,44,171,0,1,0,0,0,0,0,0,4,PP
60_goal_364,364,60,1,3,4,1,157,51,26,2,12:33,12:33,753,62,158,0,0,0,0,0,0,1,0,2,""
60_goal_365,365,60,1,3,4,1,32,83,30,2,14:46,14:46,886,185,255,0,1,0,0,0,1,0,0,9,PP
60_goal_366,366,60,1,4,3,0,44,,,2,19:47,19:47,1187,529,138,0,0,0,0,0,0,0,0,5,""
60_goal_368,368,60,1,4,3,0,39,38,87,3,15:41,15:41,941,563,171,0,0,0,0,1,0,0,0,1,SH
60_goal_369,369,60,1,3,4,1,168,,,3,18:37,18:37,1117,356,257,0,0,1,0,0,0,0,0,3,EN
61_goal_377,377,61,1,6,4,0,75,73,68,1,1:05,1:05,65,516,132,0,0,0,0,0,0,0,0,8,""
61_goal_376,376,61,1,6,4,0,75,67,89,1,12:26,12:26,746,491,144,0,1,0,0,0,0,0,0,9,PP
61_goal_378,378,61,1,6,4,0,101,69,72,2,3:56,3:56,236,535,196,0,0,0,0,0,0,1,0,2,""
61_goal_379,379,61,1,6,4,0,100,71,,2,5:27,5:27,327,435,174,0,0,0,0,0,1,0,0,16,""
61_goal_380,380,61,1,6,4,0,75,100,,3,0:56,0:56,56,537,106,0,0,0,0,0,0,0,0,10,""
61_goal_381,381,61,1,6,4,0,72,69,,3,5:29,5:29,329,531,151,0,0,0,0,0,0,0,0,2,""
61_goal_382,382,61,1,4,6,1,42,44,34,3,8:40,8:40,520,57,157,0,0,0,0,0,0,0,0,5,""
61_goal_383,383,61,1,4,6,1,38,47,35,3,19:12,19:12,1152,201,99,0,1,0,0,0,0,0,0,1,PP
62_goal_370,370,62,1,3,5,0,32,157,,2,3:13,3:13,193,496,187,0,0,0,0,0,0,1,0,10,""
62_goal_372,372,62,1,3,5,0,98,168,156,3,18:12,18:12,1092,507,154,0,0,0,0,0,1,0,0,5,""
63_goal_391,391,63,1,2,6,0,115,79,21,1,4:14,4:14,254,514,135,0,0,0,0,0,0,0,0,5,""
63_goal_392,392,63,1,6,2,1,89,75,73,1,9:44,9:44,584,81,201,0,1,0,0,0,0,0,0,7,PP
63_goal_393,393,63,1,6,2,1,100,67,73,2,11:10,11:10,670,80,168,0,1,0,0,0,0,1,0,17,PP
63_goal_394,394,63,1,6,2,1,100,,,3,7:21,7:21,441,64,133,0,0,0,0,0,1,0,0,18,""
63_goal_395,395,63,1,6,2,1,73,,,3,17:55,17:55,1075,165,184,0,0,1,0,0,0,0,0,4,EN
64_goal_403,403,64,1,1,3,1,13,175,1,1,15:19,15:19,919,43,118,0,0,0,0,0,0,0,0,6,""
64_goal_404,404,64,1,1,3,1,15,17,78,1,18:42,18:42,1122,107,155,0,0,0,0,0,0,0,0,5,""
64_goal_405,405,64,1,1,3,1,12,13,1,2,6:23,6:23,383,46,98,0,0,0,0,0,0,0,0,4,""
64_goal_406,406,64,1,3,1,0,138,51,168,3,3:43,3:43,223,533,141,0,1,0,0,0,0,0,0,1,PP
64_goal_407,407,64,1,3,1,0,138,99,51,3,11:30,11:30,690,429,95,0,1,0,0,0,0,0,0,2,PP
64_goal_408,408,64,1,3,1,0,31,83,32,3,16:51,16:51,1011,561,176,0,0,0,0,0,0,0,0,10,""
64_goal_409,409,64,1,1,3,1,7,5,78,3,18:40,18:40,1120,195,68,0,0,0,0,0,0,1,0,2,""
65_goal_308,308,65,1,1,5,1,13,12,1,1,3:05,3:05,185,45,161,0,0,0,0,0,0,0,0,4,""
65_goal_309,309,65,1,5,1,0,53,,,1,15:20,15:20,920,510,92,0,1,0,0,0,0,0,0,3,PP
66_goal_310,310,66,1,6,3,0,89,100,68,1,7:11,7:11,431,500,177,0,0,0,0,0,0,0,0,6,""
66_goal_311,311,66,1,3,6,1,30,26,83,1,13:42,13:42,822,93,209,0,0,0,0,0,0,0,0,1,""
66_goal_312,312,66,1,6,3,0,68,66,76,2,6:11,6:11,371,547,252,0,0,0,0,0,0,1,0,3,""
67_goal_347,347,67,1,6,3,0,76,100,,1,9:43,9:43,583,450,78,0,0,0,0,0,0,0,0,3,""
67_goal_348,348,67,1,3,6,1,81,26,98,1,19:41,19:41,1181,105,162,0,0,0,0,0,0,0,0,3,""
67_goal_349,349,67,1,6,3,0,75,74,73,2,0:40,0:40,40,385,27,0,0,0,0,0,0,0,0,6,""
67_goal_350,350,67,1,3,6,1,83,32,31,2,19:34,19:34,1174,190,210,0,1,0,0,0,0,0,0,4,PP
67_goal_351,351,67,1,6,3,0,75,67,73,4,0:13,0:13,13,483,106,0,0,0,0,0,0,1,0,7,""
68_goal_352,352,68,1,1,4,0,14,49,12,2,6:13,6:13,373,554,195,0,0,0,0,0,0,0,0,1,""
68_goal_353,353,68,1,4,1,1,36,149,34,2,16:49,16:49,1009,54,165,0,0,0,0,0,0,0,0,7,""
68_goal_354,354,68,1,1,4,0,49,14,,3,16:51,16:51,1011,537,198,0,0,0,0,0,0,1,0,6,""
69_goal_359,359,69,1,1,5,0,13,1,,1,1:30,1:30,90,546,149,0,0,0,0,0,0,0,0,5,""
69_goal_360,360,69,1,5,1,1,58,142,63,1,7:43,7:43,463,45,129,0,1,0,0,0,0,0,0,9,PP
69_goal_362,362,69,1,1,5,0,16,,,1,19:01,19:01,1141,553,147,0,0,0,0,0,0,0,0,3,""
69_goal_367,367,69,1,5,1,1,57,53,56,3,11:14,11:14,674,44,161,0,0,0,0,0,0,0,0,8,""
70_goal_373,373,70,1,2,1,1,23,20,115,2,18:50,18:50,1130,63,156,0,0,0,0,0,0,0,0,4,""
70_goal_374,374,70,1,1,2,0,15,12,78,3,1:42,1:42,102,471,87,0,1,0,0,0,0,0,0,4,PP
70_goal_375,375,70,1,1,2,0,1,13,167,3,19:57,19:57,1197,547,160,0,0,0,0,0,0,1,0,5,""
71_goal_384,384,71,1,5,4,0,141,56,142,1,5:12,5:12,312,38,197,0,0,0,0,0,0,0,0,2,""
71_goal_385,385,71,1,5,4,0,61,50,57,1,14:24,14:24,864,105,55,0,0,0,0,0,0,0,0,5,""
71_goal_386,386,71,1,4,5,1,35,38,,2,7:24,7:24,444,59,178,0,0,0,0,0,0,0,0,7,""
71_goal_387,387,71,1,4,5,1,44,34,38,2,9:16,9:16,556,79,149,0,0,0,0,0,0,0,0,6,""
71_goal_388,388,71,1,4,5,1,45,44,147,2,12:20,12:20,740,45,112,0,0,0,0,0,0,0,0,2,""
71_goal_389,389,71,1,4,5,1,37,44,,2,15:57,15:57,957,49,176,0,0,0,0,0,0,1,0,3,""
71_goal_390,390,71,1,5,4,0,63,88,56,3,19:01,19:01,1141,524,106,0,0,0,0,0,0,0,0,9,""
72_goal_410,410,72,1,6,5,1,100,89,,1,1:05,1:05,65,77,125,0,0,0,0,0,0,0,0,19,""
72_goal_411,411,72,1,5,6,0,57,61,53,1,9:38,9:38,578,557,129,0,0,0,0,0,0,0,0,9,""
72_goal_412,412,72,1,6,5,1,75,69,,1,10:48,10:48,648,56,125,0,0,0,0,0,0,0,0,11,""
72_goal_413,413,72,1,5,6,0,63,58,,2,6:26,6:26,386,548,161,0,0,0,0,0,0,0,0,10,""
72_goal_414,414,72,1,6,5,1,100,75,89,3,14:17,14:17,857,47,125,0,1,0,0,0,0,1,0,20,PP
72_goal_415,415,72,1,6,5,1,125,,,3,16:51,16:51,1011,292,146,0,0,1,0,0,1,0,0,2,EN
72_goal_416,416,72,1,6,5,1,126,128,,3,17:36,17:36,1056,77,134,0,0,1,0,0,0,0,0,2,EN
73_goal_396,396,73,1,4,2,1,87,38,,1,2:44,2:44,164,114,153,0,0,0,0,0,0,0,0,4,""
73_goal_397,397,73,1,4,2,1,44,36,,1,10:09,10:09,609,163,69,0,0,0,0,0,0,0,0,7,""
73_goal_398,398,73,1,2,4,0,104,25,23,1,13:51,13:51,831,549,134,0,0,0,0,0,0,0,0,3,""
73_goal_399,399,73,1,4,2,1,87,44,34,2,3:47,3:47,227,168,229,0,1,0,0,0,0,1,0,5,PP
73_goal_400,400,73,1,4,2,1,35,,,2,8:56,8:56,536,105,126,0,1,0,0,0,1,0,0,8,PP
73_goal_401,401,73,1,2,4,0,25,23,,3,2:21,2:21,141,555,138,0,0,0,0,1,0,0,0,11,SH
73_goal_402,402,73,1,4,2,1,42,36,44,3,9:01,9:01,541,46,122,0,1,0,0,0,0,0,0,6,PP
74_goal_1,1,74,2,6,1,0,76,126,71,1,13:58,13:58,838,513,145,0,0,0,0,0,0,0,0,1,""
74_goal_3,3,74,2,6,1,0,76,125,,2,0:18,0:18,18,541,147,0,0,0,0,0,0,0,0,2,""
74_goal_4,4,74,2,6,1,0,76,69,68,2,9:48,9:48,588,531,181,0,1,0,0,0,0,1,0,3,PP
74_goal_5,5,74,2,1,6,1,18,11,,2,16:12,16:12,972,42,112,0,1,0,0,0,0,0,0,1,PP
74_goal_6,6,74,2,6,1,0,75,69,131,3,8:53,8:53,533,519,135,0,0,0,0,0,1,0,0,1,""
74_goal_7,7,74,2,6,1,0,66,89,,3,19:12,19:12,1152,537,130,0,1,0,0,0,0,0,0,1,PP
74_goal_8,8,74,2,1,6,1,5,15,,4,2:15,2:15,135,61,99,0,0,0,0,0,0,0,0,1,""
75_goal_9,9,75,2,5,2,0,60,142,,1,13:57,13:57,837,404,152,0,0,0,0,0,0,0,0,1,""
75_goal_10,10,75,2,2,5,1,21,103,119,2,1:02,1:02,62,142,66,0,0,0,0,0,0,0,0,1,""
75_goal_11,11,75,2,5,2,0,142,60,,2,1:43,1:43,103,474,177,0,0,0,0,0,0,0,0,1,""
75_goal_12,12,75,2,5,2,0,138,143,,2,5:14,5:14,314,510,131,0,0,0,0,0,0,0,0,1,""
75_goal_13,13,75,2,2,5,1,105,114,,2,5:39,5:39,339,78,179,0,0,0,0,0,0,0,0,1,""
75_goal_14,14,75,2,2,5,1,114,,,2,10:57,10:57,657,121,219,0,0,0,0,0,0,0,0,1,""
75_goal_15,15,75,2,2,5,1,23,78,,2,19:56,19:56,1196,97,153,0,0,0,0,0,0,0,0,1,""
75_goal_16,16,75,2,2,5,1,92,,,3,4:44,4:44,284,44,180,0,0,0,0,0,0,1,0,1,""
75_goal_17,17,75,2,2,5,1,78,79,,3,6:44,6:44,404,128,225,0,0,0,0,0,1,0,0,1,""
75_goal_18,18,75,2,5,2,0,54,57,,3,14:37,14:37,877,449,192,0,0,0,0,0,0,0,0,1,""
75_goal_19,19,75,2,2,5,1,103,,,3,17:11,17:11,1031,339,151,0,0,1,0,0,0,0,0,1,EN
75_goal_20,20,75,2,2,5,1,79,78,,4,3:02,3:02,182,83,145,0,0,0,0,0,0,0,0,1,""
76_goal_22,22,76,2,4,3,1,34,37,36,1,6:29,6:29,389,533,135,0,0,0,0,0,0,1,0,1,""
76_goal_23,23,76,2,4,3,1,36,37,,1,19:57,19:57,1197,511,137,0,0,0,0,0,1,0,0,1,""
76_goal_24,24,76,2,4,3,1,86,35,46,1,20:00,20:00,1200,547,165,0,0,0,0,0,0,0,0,1,""
76_goal_25,25,76,2,4,3,1,36,,,4,0:28,0:28,28,86,131,0,0,0,0,0,0,0,0,2,""
77_goal_29,29,77,2,6,2,1,72,68,73,1,2:16,2:16,136,57,129,0,0,0,0,0,0,0,0,1,""
77_goal_27,27,77,2,6,2,1,72,67,66,1,10:46,10:46,646,62,120,0,0,0,0,0,0,0,0,2,""
77_goal_28,28,77,2,6,2,1,125,89,,1,12:43,12:43,763,91,172,0,0,0,0,0,0,0,0,1,""
77_goal_30,30,77,2,2,6,0,25,,,2,15:16,15:16,916,545,165,0,0,0,0,0,0,0,0,1,""
77_goal_31,31,77,2,2,6,0,24,105,,2,15:58,15:58,958,393,113,0,0,0,0,0,0,0,0,1,""
77_goal_32,32,77,2,2,6,0,21,,,2,18:52,18:52,1132,429,207,0,1,0,0,0,0,0,0,2,PP
77_goal_33,33,77,2,2,6,0,21,24,,3,4:58,4:58,298,405,83,0,0,0,0,0,0,0,0,3,""
77_goal_34,34,77,2,2,6,0,104,23,,3,5:46,5:46,346,528,166,0,0,0,0,0,0,1,0,1,""
77_goal_35,35,77,2,6,2,1,71,75,,3,10:59,10:59,659,111,151,0,0,0,0,0,0,0,0,1,""
78_goal_36,36,78,2,3,1,1,80,32,,1,18:37,18:37,1117,51,174,0,0,0,0,0,0,0,0,1,""
78_goal_38,38,78,2,3,1,1,82,,,2,3:30,3:30,210,75,124,0,0,0,0,0,0,1,0,1,""
78_goal_39,39,78,2,1,3,0,12,109,,3,0:26,0:26,26,396,137,0,1,0,0,0,0,0,0,1,PP
78_goal_40,40,78,2,3,1,1,27,80,,3,12:05,12:05,725,79,93,0,0,0,0,0,1,0,0,1,""
79_goal_41,41,79,2,5,4,1,49,57,,1,8:21,8:21,501,111,105,0,0,0,0,0,0,0,0,1,""
79_goal_42,42,79,2,4,5,0,34,36,87,3,15:48,15:48,948,555,189,0,1,0,0,0,0,0,0,2,PP
80_goal_45,45,80,2,2,3,1,23,105,103,1,2:31,2:31,151,99,192,0,0,0,0,0,0,0,0,2,""
80_goal_43,43,80,2,3,2,0,164,,,1,6:55,6:55,415,504,177,0,1,0,0,0,0,0,0,1,PP
80_goal_44,44,80,2,2,3,1,23,103,105,1,13:35,13:35,815,123,138,0,0,0,0,0,0,0,0,3,""
80_goal_46,46,80,2,2,3,1,114,104,90,2,3:34,3:34,214,106,193,0,0,0,0,0,0,0,0,2,""
80_goal_47,47,80,2,3,2,0,31,157,,2,10:43,10:43,643,507,190,0,0,0,0,0,0,0,0,1,""
80_goal_48,48,80,2,2,3,1,97,,,3,0:48,0:48,48,118,99,0,0,0,0,0,0,1,0,1,""
80_goal_49,49,80,2,3,2,0,161,31,163,3,7:43,7:43,463,72,149,0,1,0,0,0,0,0,0,1,PP
81_goal_50,50,81,2,6,4,1,66,67,,1,4:43,4:43,283,151,152,0,0,0,0,0,0,0,0,2,""
81_goal_51,51,81,2,6,4,1,72,101,,1,5:18,5:18,318,133,225,0,0,0,0,0,0,0,0,3,""
81_goal_52,52,81,2,4,6,0,147,,,1,13:03,13:03,783,556,130,0,0,0,0,0,0,0,0,1,""
81_goal_53,53,81,2,4,6,0,86,36,,1,14:03,14:03,843,504,111,0,0,0,0,0,0,0,0,2,""
81_goal_54,54,81,2,6,4,1,67,65,71,2,2:28,2:28,148,58,119,0,0,0,0,0,0,0,0,1,""
81_goal_55,55,81,2,4,6,0,86,44,,2,4:42,4:42,282,542,105,0,0,0,0,0,0,0,0,3,""
81_goal_56,56,81,2,6,4,1,67,71,72,2,17:35,17:35,1055,198,92,0,1,0,0,0,0,0,0,2,PP
81_goal_57,57,81,2,4,6,0,86,37,,3,17:46,17:46,1066,500,185,0,0,0,0,0,0,0,0,4,""
81_goal_58,58,81,2,4,6,0,36,,,3,19:54,19:54,1194,473,218,0,0,0,0,0,0,1,0,3,""
81_goal_59,59,81,2,4,6,0,87,37,,4,3:13,3:13,193,548,177,0,0,0,0,0,1,0,0,1,""
82_goal_60,60,82,2,1,5,1,8,15,2,1,3:34,3:34,214,93,153,0,0,0,0,0,0,0,0,1,""
82_goal_61,61,82,2,5,1,0,56,138,,2,8:03,8:03,483,400,63,0,0,0,0,0,0,0,0,1,""
82_goal_62,62,82,2,1,5,1,1,13,8,3,10:07,10:07,607,50,182,0,0,0,0,0,0,1,0,1,""
82_goal_63,63,82,2,1,5,1,8,15,,3,17:16,17:16,1036,59,169,0,0,0,0,0,1,0,0,2,""
83_goal_210,210,83,1,5,1,0,63,58,62,1,8:08,8:08,488,543,119,0,0,0,0,0,0,0,0,2,""
83_goal_211,211,83,1,1,5,1,9,12,8,2,2:08,2:08,128,138,165,0,0,0,0,0,0,0,0,4,""
83_goal_212,212,83,1,5,1,0,57,53,56,2,15:02,15:02,902,504,93,0,1,0,0,0,0,0,0,3,PP
83_goal_213,213,83,1,1,5,1,117,12,13,2,16:05,16:05,965,167,54,0,0,0,0,0,0,0,0,2,""
83_goal_214,214,83,1,5,1,0,57,53,,2,19:48,19:48,1188,502,134,0,0,0,0,1,0,1,0,4,SH
83_goal_215,215,83,1,5,1,0,58,,,3,19:16,19:16,1156,315,39,0,0,1,0,0,1,0,0,2,EN
84_goal_417,417,84,3,6,2,1,100,89,74,1,9:47,9:47,587,158,213,0,0,0,0,0,0,1,0,1,""
84_goal_418,418,84,3,6,2,1,73,75,67,2,0:55,0:55,55,64,161,0,0,0,0,0,1,0,0,1,""
84_goal_419,419,84,3,6,2,1,76,100,71,2,15:05,15:05,905,81,135,0,0,0,0,0,0,0,0,1,""
84_goal_420,420,84,3,6,2,1,76,89,67,3,19:22,19:22,1162,53,190,0,0,0,0,0,0,0,0,2,""
85_goal_421,421,85,3,3,1,1,30,32,98,2,1:07,1:07,67,37,153,0,1,0,0,0,0,0,0,1,PP
85_goal_422,422,85,3,1,3,0,49,18,109,3,1:48,1:48,108,537,123,0,0,0,0,0,0,0,0,1,""
85_goal_423,423,85,3,1,3,0,78,17,12,4,14:25,14:25,865,561,165,0,0,0,0,0,0,1,0,1,""
86_goal_424,424,86,3,6,2,1,65,67,73,3,18:35,18:35,1115,68,176,0,0,0,0,0,0,1,0,1,""
86_goal_425,425,86,3,6,2,1,89,69,,3,19:50,19:50,1190,114,111,0,0,1,0,0,1,0,0,1,EN
87_goal_426,426,87,3,1,3,0,110,,,1,6:48,6:48,408,573,188,0,0,0,0,0,0,0,0,1,""
87_goal_427,427,87,3,3,1,1,30,98,83,2,1:58,1:58,118,42,150,0,1,0,0,0,0,0,0,2,PP
87_goal_428,428,87,3,1,3,0,111,167,109,6,11:44,11:44,704,551,150,0,0,0,0,0,0,1,0,1,""
88_goal_429,429,88,3,2,6,1,79,97,102,2,2:12,2:12,132,214,93,0,0,0,0,0,0,1,0,1,""
88_goal_430,430,88,3,2,6,1,104,97,24,2,8:39,8:39,519,62,113,0,0,0,0,0,1,0,0,1,""
89_goal_432,432,89,3,3,1,0,31,138,162,1,15:39,15:39,939,519,175,0,0,0,0,0,0,0,0,1,""
89_goal_433,433,89,3,3,1,0,98,31,83,2,13:35,13:35,815,398,156,0,1,0,0,0,0,0,0,1,PP
89_goal_434,434,89,3,1,3,1,18,110,167,3,7:06,7:06,426,75,190,0,0,0,0,0,0,0,0,1,""
89_goal_435,435,89,3,1,3,1,110,1,12,3,16:17,16:17,977,102,120,0,0,0,0,1,0,0,0,2,SH
89_goal_436,436,89,3,1,3,1,78,15,17,4,1:02,1:02,62,76,135,0,0,0,0,0,0,1,0,2,""
90_goal_437,437,90,3,2,6,1,102,97,11,5,4:27,4:27,267,42,172,0,0,0,0,0,0,1,0,1,""
92_goal_438,438,92,3,2,6,0,104,23,11,2,7:29,7:29,449,513,142,0,1,0,0,0,0,0,0,2,PP
92_goal_439,439,92,3,6,2,1,72,125,68,2,8:07,8:07,487,62,123,0,0,0,0,0,0,0,0,1,""
92_goal_440,440,92,3,2,6,0,21,24,20,3,8:30,8:30,510,489,119,0,1,0,0,0,0,1,0,1,PP
92_goal_441,441,92,3,2,6,0,103,114,24,3,18:48,18:48,1128,277,255,0,0,1,0,0,1,0,0,1,EN
92_goal_442,442,92,3,2,6,0,21,20,11,3,19:45,19:45,1185,509,119,0,0,1,0,0,0,0,0,2,EN
94_goal_443,443,94,3,2,1,0,115,21,90,1,4:38,4:38,278,554,177,0,0,0,0,0,0,0,0,1,""
94_goal_444,444,94,3,1,2,1,78,2,12,1,7:08,7:08,428,55,132,0,0,0,0,0,0,0,0,3,""
94_goal_445,445,94,3,2,1,0,21,115,129,2,8:04,8:04,484,429,194,0,0,0,0,0,0,0,0,3,""
94_goal_446,446,94,3,1,2,1,111,109,,2,12:50,12:50,770,138,196,0,0,0,0,0,0,0,0,2,""
94_goal_447,447,94,3,1,2,1,1,2,12,2,15:11,15:11,911,117,90,0,0,0,0,0,0,0,0,1,""
94_goal_448,448,94,3,2,1,0,21,115,20,2,17:10,17:10,1030,538,83,0,0,0,0,0,0,0,0,4,""
94_goal_449,449,94,3,1,2,1,10,,,2,17:25,17:25,1045,190,250,0,0,0,0,0,0,1,0,1,""
95_goal_450,450,95,3,2,1,0,115,129,,1,14:25,14:25,865,491,129,0,0,0,0,0,0,1,0,2,""
95_goal_451,451,95,3,2,1,0,11,97,102,1,16:21,16:21,981,511,166,0,0,0,0,0,1,0,0,1,""
95_goal_453,453,95,3,2,1,0,11,,,3,17:31,17:31,1051,337,211,0,0,1,0,0,0,0,0,2,EN
96_goal_454,454,96,3,2,1,1,21,115,,1,0:59,0:59,59,70,147,0,0,0,0,0,0,0,0,5,""
96_goal_455,455,96,3,2,1,1,92,105,23,1,17:38,17:38,1058,54,144,0,0,0,0,0,0,1,0,1,""
96_goal_456,456,96,3,1,2,0,15,78,16,2,19:58,19:58,1198,543,124,0,0,0,0,0,0,0,0,1,""
96_goal_457,457,96,3,2,1,1,115,21,,3,3:29,3:29,209,44,176,0,0,0,0,0,1,0,0,3,""
96_goal_458,458,96,3,2,1,1,25,,,3,16:10,16:10,970,58,169,0,0,1,0,1,0,0,0,1,EN.SH
97_goal_459,459,97,3,1,2,0,15,17,,5,18:36,18:36,1116,475,199,0,0,0,0,0,0,1,0,2,""
98_goal_460,460,98,3,2,1,0,97,92,129,2,6:14,6:14,374,561,135,0,0,0,0,0,0,1,0,1,""
98_goal_461,461,98,3,2,1,0,115,129,21,3,8:08,8:08,488,545,207,0,0,0,0,0,1,0,0,4,""
98_goal_462,462,98,3,2,1,0,20,115,90,3,17:54,17:54,1074,508,103,0,0,1,0,0,0,0,0,1,EN
99_goal_463,463,99,4,1,3,1,13,181,180,1,6:35,6:35,395,59,128,0,0,0,0,0,0,0,0,1,""
99_goal_466,466,99,4,3,1,0,98,202,,1,14:39,14:39,879,558,131,0,0,0,0,0,0,0,0,1,""
99_goal_470,470,99,4,1,3,1,13,27,49,2,19:04,19:04,1144,57,129,0,0,0,0,0,0,1,0,2,""
99_goal_471,471,99,4,1,3,1,183,167,,3,19:15,19:15,1155,195,237,0,0,1,0,0,1,0,0,1,EN
100_goal_464,464,100,4,2,6,1,24,97,104,1,1:02,1:02,62,200,223,0,0,0,0,0,0,0,0,1,""
100_goal_467,467,100,4,2,6,1,191,92,11,2,15:16,15:16,916,101,168,0,0,0,0,0,0,1,0,1,""
100_goal_468,468,100,4,2,6,1,189,23,192,2,15:30,15:30,930,81,183,0,0,0,0,0,1,0,0,1,""
100_goal_469,469,100,4,6,2,0,128,89,207,2,18:11,18:11,1091,487,137,0,0,0,0,0,0,0,0,1,""
101_goal_472,472,101,4,5,1,1,4,225,,1,1:31,1:31,91,123,183,0,0,0,0,0,0,0,0,1,""
101_goal_473,473,101,4,1,5,0,49,167,,1,7:18,7:18,438,436,182,0,0,0,0,0,0,0,0,1,""
101_goal_474,474,101,4,5,1,1,219,58,161,2,1:39,1:39,99,61,108,0,0,0,0,0,0,1,0,1,""
101_goal_477,477,101,4,5,1,1,221,53,,2,14:06,14:06,846,81,170,0,0,0,0,0,1,0,0,1,""
101_goal_478,478,101,4,5,1,1,53,221,224,2,17:47,17:47,1067,81,171,0,0,0,0,0,0,0,0,1,""
101_goal_482,482,101,4,5,1,1,220,72,50,3,16:35,16:35,995,66,130,0,0,0,0,0,0,0,0,1,""
101_goal_483,483,101,4,5,1,1,88,161,219,3,18:49,18:49,1129,94,140,0,0,0,0,0,0,0,0,1,""
102_goal_475,475,102,4,2,4,0,188,195,115,1,16:10,16:10,970,539,160,0,1,0,0,0,0,0,0,1,PP
102_goal_476,476,102,4,4,2,1,38,40,,1,17:56,17:56,1076,190,146,0,0,0,0,0,0,0,0,1,""
102_goal_479,479,102,4,2,4,0,192,91,,2,0:55,0:55,55,539,201,0,0,0,0,0,0,0,0,1,""
102_goal_480,480,102,4,4,2,1,40,,,2,15:25,15:25,925,86,207,0,0,0,0,0,0,0,0,1,""
102_goal_481,481,102,4,4,2,1,206,204,,2,16:03,16:03,963,65,131,0,0,0,0,0,0,0,0,1,""
102_goal_484,484,102,4,2,4,0,129,97,192,3,4:29,4:29,269,530,104,0,0,0,0,0,0,0,0,1,""
102_goal_485,485,102,4,2,4,0,188,104,129,4,1:45,1:45,105,471,135,0,1,0,0,0,0,1,0,2,PP
103_goal_486,486,103,4,3,5,1,138,198,,1,6:59,6:59,419,72,148,0,0,0,0,0,0,0,0,1,""
103_goal_487,487,103,4,3,5,1,156,99,,1,11:25,11:25,685,79,157,0,0,0,0,0,0,0,0,1,""
103_goal_488,488,103,4,5,3,0,224,,,1,16:19,16:19,979,534,172,0,0,0,0,0,0,0,0,1,""
103_goal_490,490,103,4,3,5,1,98,31,200,2,9:43,9:43,583,153,135,0,1,0,0,0,0,0,0,2,PP
103_goal_491,491,103,4,5,3,0,72,219,57,2,13:26,13:26,806,466,210,0,0,0,0,0,0,0,0,1,""
103_goal_497,497,103,4,5,3,0,161,226,53,3,10:13,10:13,613,529,152,0,0,0,0,0,0,0,0,1,""
103_goal_498,498,103,4,3,5,1,138,84,26,3,11:47,11:47,707,54,135,0,0,0,0,0,0,1,0,2,""
103_goal_499,499,103,4,3,5,1,39,98,,3,12:39,12:39,759,192,144,0,0,0,0,0,1,0,0,1,""
103_goal_500,500,103,4,3,5,1,84,,,3,19:42,19:42,1182,408,261,0,0,1,0,0,0,0,0,1,EN
104_goal_489,489,104,4,4,6,0,205,,,1,9:21,9:21,561,495,103,0,0,0,0,1,0,0,0,1,SH
104_goal_492,492,104,4,4,6,0,231,206,37,2,3:18,3:18,198,509,85,0,0,0,0,0,0,0,0,1,""
104_goal_493,493,104,4,4,6,0,205,47,87,2,5:39,5:39,339,473,95,0,1,0,0,0,0,1,0,2,PP
104_goal_494,494,104,4,4,6,0,45,87,38,2,12:30,12:30,750,551,132,0,0,0,0,0,1,0,0,1,""
104_goal_495,495,104,4,6,4,1,76,73,,2,14:21,14:21,861,63,96,0,0,0,0,0,0,0,0,1,""
104_goal_496,496,104,4,6,4,1,125,68,232,2,16:08,16:08,968,87,57,0,1,0,0,0,0,0,0,1,PP
104_goal_501,501,104,4,4,6,0,205,34,,3,5:14,5:14,314,510,149,0,0,0,0,0,0,0,0,3,""
105_goal_502,502,105,5,1,6,0,13,12,181,1,3:00,3:00,180,496,177,0,1,0,0,0,0,0,0,1,PP
105_goal_503,503,105,5,6,1,1,75,63,232,1,11:50,11:50,710,51,136,0,0,0,0,1,0,0,0,1,SH
105_goal_504,504,105,5,6,1,1,89,63,67,3,18:22,18:22,1102,54,190,0,1,0,0,0,0,1,0,1,PP
105_goal_505,505,105,5,6,1,1,73,,,3,19:48,19:48,1188,57,197,0,0,1,0,0,1,0,0,1,EN
106_goal_506,506,106,5,5,3,0,53,,,1,7:49,7:49,469,533,165,0,0,0,0,0,0,0,0,1,""
106_goal_507,507,106,5,5,3,0,224,223,57,2,2:20,2:20,140,561,91,0,0,0,0,0,0,0,0,1,""
106_goal_508,508,106,5,3,5,1,114,138,,2,5:35,5:35,335,128,179,0,0,0,0,0,0,0,0,1,""
106_goal_509,509,106,5,3,5,1,32,83,30,2,11:28,11:28,688,125,209,0,1,0,0,0,0,0,0,1,PP
106_goal_510,510,106,5,5,3,0,161,62,,2,17:28,17:28,1048,504,135,0,1,0,0,0,0,0,0,1,PP
106_goal_511,511,106,5,3,5,1,198,196,114,3,11:20,11:20,680,130,109,0,1,0,0,0,0,0,0,1,PP
107_goal_512,512,107,5,2,4,1,25,23,189,1,0:21,0:21,21,78,153,0,0,0,0,0,0,0,0,1,""
107_goal_513,513,107,5,2,4,1,20,169,11,1,17:46,17:46,1066,52,136,0,0,0,0,0,0,0,0,1,""
107_goal_514,514,107,5,4,2,0,36,34,44,2,10:01,10:01,601,422,225,0,1,0,0,0,0,0,0,1,PP
107_goal_515,515,107,5,4,2,0,227,47,,2,12:59,12:59,779,544,110,0,0,0,0,0,0,0,0,1,""
107_goal_516,516,107,5,4,2,0,34,205,36,3,4:35,4:35,275,552,163,0,0,0,0,0,0,0,0,1,""
107_goal_517,517,107,5,2,4,1,195,104,,3,15:47,15:47,947,97,134,0,0,0,0,0,0,0,0,1,""
107_goal_518,518,107,5,4,2,0,34,205,,4,0:19,0:19,19,529,148,0,0,0,0,0,0,1,0,2,""
108_goal_519,519,108,5,5,6,1,220,101,62,1,6:08,6:08,368,45,128,0,0,0,0,0,0,0,0,1,""
108_goal_520,520,108,5,6,5,0,75,89,67,1,19:04,19:04,1144,448,84,0,1,0,0,0,0,0,0,2,PP
108_goal_521,521,108,5,6,5,0,209,207,75,2,15:22,15:22,922,543,128,0,0,0,0,0,0,0,0,1,""
108_goal_522,522,108,5,5,6,1,60,161,88,3,5:42,5:42,342,150,91,0,1,0,0,0,0,0,0,1,PP
108_goal_523,523,108,5,5,6,1,161,88,223,3,8:53,8:53,533,49,170,0,0,0,0,0,0,1,0,2,""
109_goal_526,526,109,5,2,1,0,115,21,,2,7:25,7:25,445,555,181,0,0,0,0,0,0,0,0,1,""
109_goal_527,527,109,5,1,2,1,13,2,1,3,4:01,4:01,241,82,153,0,0,0,0,0,0,0,0,2,""
109_goal_529,529,109,5,2,1,0,195,129,11,3,9:22,9:22,562,413,63,0,0,0,0,0,0,1,0,2,""
110_goal_524,524,110,5,4,3,0,205,36,,1,11:32,11:32,692,531,187,0,0,0,0,0,0,0,0,1,""
110_goal_525,525,110,5,3,4,1,196,198,,2,1:05,1:05,65,64,152,0,0,0,0,0,0,0,0,1,""
110_goal_528,528,110,5,4,3,0,34,205,230,3,9:09,9:09,549,507,152,0,0,0,0,0,0,1,0,3,""
110_goal_530,530,110,5,4,3,0,35,,,3,17:46,17:46,1066,298,12,0,0,1,0,1,1,0,0,1,EN.SH
110_goal_531,531,110,5,4,3,0,205,36,47,3,19:42,19:42,1182,498,114,0,1,0,0,0,0,0,0,2,PP
111_goal_535,535,111,5,2,6,0,102,97,169,1,2:50,2:50,170,553,137,0,0,0,0,0,0,0,0,1,""
111_goal_536,536,111,5,6,2,1,65,232,74,1,8:23,8:23,503,50,129,0,0,0,0,0,0,0,0,1,""
111_goal_537,537,111,5,2,6,0,195,21,190,2,5:35,5:35,335,531,135,0,1,0,0,0,0,0,0,3,PP
111_goal_538,538,111,5,6,2,1,67,71,89,2,12:05,12:05,725,58,151,0,0,0,0,0,0,0,0,1,""
111_goal_539,539,111,5,6,2,1,63,,,2,17:41,17:41,1061,71,152,0,0,0,0,0,0,0,0,1,""
111_goal_540,540,111,5,2,6,0,189,91,11,2,18:41,18:41,1121,477,186,0,0,0,0,0,0,0,0,1,""
111_goal_541,541,111,5,2,6,0,189,21,91,3,6:39,6:39,399,528,189,0,0,0,0,0,0,1,0,2,""
111_goal_542,542,111,5,2,6,0,115,23,20,3,14:47,14:47,887,429,139,0,0,0,0,0,1,0,0,2,""
111_goal_543,543,111,5,2,6,0,115,20,,3,18:13,18:13,1093,502,202,0,0,1,0,0,0,0,0,3,EN
112_goal_544,544,112,5,1,4,1,78,17,167,1,7:31,7:31,451,109,213,0,0,0,0,0,0,0,0,1,""
112_goal_545,545,112,5,4,1,0,40,47,205,1,14:01,14:01,841,520,143,0,0,0,0,0,0,0,0,1,""
112_goal_546,546,112,5,1,4,1,180,13,181,1,19:17,19:17,1157,123,211,0,1,0,0,0,0,0,0,1,PP
112_goal_547,547,112,5,4,1,0,42,34,47,2,4:50,4:50,290,465,119,0,1,0,0,0,0,0,0,1,PP
112_goal_548,548,112,5,1,4,1,12,,,3,1:07,1:07,67,98,114,0,0,0,0,0,0,1,0,1,""
112_goal_549,549,112,5,1,4,1,12,78,183,3,17:59,17:59,1079,149,219,0,0,0,0,0,1,0,0,2,""
113_goal_550,550,113,5,1,5,1,16,118,,2,2:18,2:18,138,72,148,0,0,0,0,0,0,0,0,1,""
113_goal_551,551,113,5,5,1,0,4,60,224,2,6:49,6:49,409,525,173,0,0,0,0,0,0,0,0,1,""
113_goal_552,552,113,5,1,5,1,183,110,18,2,8:02,8:02,482,50,129,0,0,0,0,0,0,0,0,1,""
113_goal_553,553,113,5,5,1,0,62,58,224,2,16:16,16:16,976,457,194,0,0,0,0,0,0,0,0,1,""
113_goal_554,554,113,5,1,5,1,1,13,,3,8:26,8:26,506,77,188,0,0,0,0,0,0,1,0,1,""
114_goal_555,555,114,5,4,6,1,231,34,205,2,2:57,2:57,177,54,131,0,0,0,0,0,0,0,0,1,""
114_goal_556,556,114,5,4,6,1,204,35,33,2,7:17,7:17,437,57,178,0,0,0,0,0,0,0,0,1,""
114_goal_557,557,114,5,4,6,1,47,36,42,2,8:12,8:12,492,188,141,0,1,0,0,0,0,1,0,1,PP
114_goal_558,558,114,5,4,6,1,87,229,37,2,17:53,17:53,1073,165,108,0,1,0,0,0,1,0,0,1,PP
114_goal_559,559,114,5,6,4,0,89,67,86,3,2:39,2:39,159,544,128,0,0,0,0,0,0,0,0,2,""
114_goal_560,560,114,5,6,4,0,86,89,68,3,19:26,19:26,1166,515,147,0,0,0,0,0,0,0,0,1,""
115_goal_561,561,115,5,5,2,0,221,60,161,1,7:51,7:51,471,504,141,0,0,0,0,0,0,0,0,1,""
115_goal_562,562,115,5,2,5,1,23,169,90,1,10:50,10:50,650,39,135,0,0,0,0,0,0,0,0,1,""
115_goal_564,564,115,5,2,5,1,23,20,,2,2:59,2:59,179,93,169,0,1,0,0,0,0,0,0,2,PP
115_goal_565,565,115,5,2,5,1,25,169,21,2,17:14,17:14,1034,205,238,0,1,0,0,0,0,1,0,2,PP
115_goal_566,566,115,5,5,2,0,161,224,60,3,5:28,5:28,328,549,157,0,0,0,0,0,0,0,0,3,""
115_goal_567,567,115,5,2,5,1,169,21,91,3,15:06,15:06,906,102,158,0,0,0,0,0,1,0,0,1,""
115_goal_568,568,115,5,2,5,1,25,169,,3,18:19,18:19,1099,74,139,0,0,1,0,0,0,0,0,3,EN
116_goal_569,569,116,5,6,3,1,65,,,1,18:39,18:39,1119,103,117,0,0,0,0,0,0,0,0,2,""
116_goal_570,570,116,5,6,3,1,75,67,,1,19:21,19:21,1161,69,162,0,0,0,0,0,0,0,0,3,""
116_goal_571,571,116,5,3,6,0,114,157,,2,3:52,3:52,232,486,195,0,0,0,0,0,0,0,0,2,""
116_goal_572,572,116,5,3,6,0,98,51,200,2,10:09,10:09,609,520,180,0,0,0,0,0,0,0,0,1,""
116_goal_573,573,116,5,6,3,1,209,76,71,2,15:26,15:26,926,75,133,0,0,0,0,0,0,0,0,2,""
116_goal_574,574,116,5,3,6,0,201,30,114,3,12:51,12:51,771,519,170,0,0,0,0,0,0,0,0,1,""
116_goal_575,575,116,5,3,6,0,32,31,,4,0:15,0:15,15,537,141,0,0,0,0,0,0,1,0,2,""
117_goal_576,576,117,5,2,4,0,20,23,115,1,5:09,5:09,309,453,74,0,0,0,0,0,0,0,0,2,""
117_goal_577,577,117,5,2,4,0,20,,,1,15:42,15:42,942,502,97,0,0,0,0,0,0,0,0,3,""
117_goal_579,579,117,5,2,4,0,21,169,25,2,2:15,2:15,135,498,207,0,1,0,0,0,0,0,0,1,PP
117_goal_578,578,117,5,4,2,1,38,206,229,2,2:57,2:57,177,142,130,0,0,0,0,0,0,0,0,1,""
117_goal_580,580,117,5,4,2,1,37,230,206,2,8:59,8:59,539,99,101,0,0,0,0,0,0,0,0,1,""
117_goal_581,581,117,5,4,2,1,34,,,3,8:55,8:55,535,45,209,0,0,0,0,0,0,0,0,4,""
118_goal_582,582,118,5,6,1,1,76,210,67,1,14:13,14:13,853,75,184,0,1,0,0,0,0,0,0,1,PP
118_goal_583,583,118,5,6,1,1,132,63,75,2,2:06,2:06,126,84,106,0,0,0,0,0,0,0,0,1,""
118_goal_584,584,118,5,1,6,0,8,49,,2,16:36,16:36,996,525,163,0,1,0,0,0,0,0,0,1,PP
118_goal_585,585,118,5,6,1,1,86,65,210,3,14:20,14:20,860,147,102,0,0,0,0,0,0,1,0,2,""
118_goal_586,586,118,5,6,1,1,68,,,3,16:50,16:50,1010,88,72,0,0,1,0,0,1,0,0,1,EN
118_goal_587,587,118,5,1,6,0,181,12,180,3,18:55,18:55,1135,553,164,0,1,0,0,0,0,0,0,1,PP
119_goal_588,588,119,5,2,3,1,189,169,21,1,8:58,8:58,538,61,147,0,0,0,0,0,0,0,0,3,""
119_goal_589,589,119,5,3,2,0,99,26,,1,15:35,15:35,935,405,67,0,0,0,0,0,0,0,0,1,""
119_goal_590,590,119,5,3,2,0,39,,,1,19:22,19:22,1162,559,169,0,0,0,0,0,0,0,0,1,""
119_goal_591,591,119,5,2,3,1,192,97,102,2,3:17,3:17,197,52,135,0,0,0,0,0,0,0,0,1,""
119_goal_592,592,119,5,3,2,0,31,32,198,2,5:54,5:54,354,544,126,0,0,0,0,0,0,1,0,2,""
120_goal_594,594,120,5,5,4,0,53,88,,1,6:15,6:15,375,525,170,0,0,0,0,0,0,0,0,2,""
120_goal_595,595,120,5,5,4,0,4,161,219,2,3:26,3:26,206,485,61,0,0,0,0,0,0,1,0,2,""
120_goal_596,596,120,5,5,4,0,88,53,58,2,6:53,6:53,413,529,111,0,0,0,0,0,1,0,0,1,""
120_goal_597,597,120,5,4,5,1,205,206,34,3,0:23,0:23,23,76,111,0,0,0,0,0,0,0,0,3,""
121_goal_598,598,121,5,3,1,1,26,99,,1,19:23,19:23,1163,42,133,0,0,0,0,0,0,0,0,1,""
121_goal_599,599,121,5,1,3,0,13,181,12,2,10:30,10:30,630,531,146,0,0,0,0,0,0,0,0,3,""
121_goal_600,600,121,5,3,1,1,30,26,,2,17:12,17:12,1032,91,153,0,0,0,0,1,0,1,0,1,SH
121_goal_601,601,121,5,3,1,1,203,138,39,2,18:27,18:27,1107,131,266,0,0,0,0,0,1,0,0,1,""
122_goal_602,602,122,5,5,6,0,223,,,2,7:12,7:12,432,468,160,0,0,0,0,0,0,0,0,1,""
122_goal_604,604,122,5,6,5,1,89,209,75,3,14:01,14:01,841,93,161,0,1,0,0,0,0,0,0,3,PP
122_goal_605,605,122,5,5,6,0,60,,,3,18:50,18:50,1130,458,97,0,0,0,0,0,0,1,0,2,""
123_goal_606,606,123,5,2,1,1,102,129,,2,9:06,9:06,546,53,155,0,0,0,0,0,0,0,0,2,""
123_goal_607,607,123,5,2,1,1,91,24,188,2,9:49,9:49,589,96,139,0,0,0,0,0,0,0,0,1,""
123_goal_608,608,123,5,1,2,0,13,12,,3,7:05,7:05,425,555,194,0,0,0,0,0,0,0,0,4,""
123_goal_609,609,123,5,2,1,1,192,189,169,3,9:35,9:35,575,81,180,0,1,0,0,0,0,0,0,2,PP
123_goal_610,610,123,5,1,2,0,78,,,3,16:43,16:43,1003,539,176,0,1,0,0,0,0,0,0,2,PP
123_goal_611,611,123,5,1,2,0,78,185,13,3,17:32,17:32,1052,529,126,0,0,0,0,0,0,0,0,3,""
123_goal_612,612,123,5,2,1,1,189,20,169,4,4:47,4:47,287,46,185,0,0,0,0,0,0,1,0,4,""
124_goal_613,613,124,5,4,2,0,36,44,,1,1:10,1:10,70,542,170,0,0,0,0,0,0,1,0,2,""
124_goal_614,614,124,5,4,2,0,205,34,36,2,6:44,6:44,404,549,220,0,1,0,0,0,1,0,0,4,PP
124_goal_615,615,124,5,4,2,0,34,42,47,2,19:20,19:20,1160,465,121,0,1,0,0,0,0,0,0,5,PP
124_goal_616,616,124,5,4,2,0,33,227,,3,1:52,1:52,112,533,135,0,0,0,0,0,0,0,0,1,""
124_goal_617,617,124,5,4,2,0,42,36,40,3,19:28,19:28,1168,507,91,0,0,0,0,0,0,0,0,2,""
125_goal_622,622,125,5,4,5,1,44,231,230,1,4:35,4:35,275,87,222,0,0,0,0,0,0,0,0,1,""
125_goal_623,623,125,5,5,4,0,224,125,,1,5:54,5:54,354,536,169,0,0,0,0,0,0,0,0,2,""
125_goal_624,624,125,5,5,4,0,4,,,1,10:07,10:07,607,549,162,0,0,0,0,0,0,0,0,3,""
125_goal_625,625,125,5,5,4,0,53,58,52,2,9:07,9:07,547,555,184,0,0,0,0,0,0,1,0,3,""
125_goal_626,626,125,5,4,5,1,229,47,33,3,6:05,6:05,365,139,64,0,0,0,0,0,0,0,0,1,""
126_goal_627,627,126,5,1,2,0,181,13,185,1,3:41,3:41,221,551,165,0,0,0,0,0,0,0,0,3,""
126_goal_629,629,126,5,2,1,1,104,23,20,1,11:40,11:40,700,76,133,0,0,0,0,0,0,0,0,1,""
126_goal_630,630,126,5,2,1,1,21,129,,4,3:20,3:20,200,117,126,0,0,0,0,0,0,1,0,2,""
127_goal_637,637,127,5,5,1,1,125,71,50,1,6:48,6:48,408,82,177,0,0,0,0,0,0,0,0,1,""
127_goal_638,638,127,5,1,5,0,167,5,15,1,15:55,15:55,955,537,135,0,0,0,0,0,0,0,0,1,""
127_goal_639,639,127,5,1,5,0,167,1,,4,1:45,1:45,105,437,159,0,0,0,0,0,0,1,0,2,""
128_goal_640,640,128,5,4,6,1,36,205,87,4,3:37,3:37,217,63,194,0,0,0,0,0,0,1,0,3,""
129_goal_648,648,129,5,5,6,1,220,125,,1,6:12,6:12,372,102,152,0,1,0,0,0,0,0,0,2,PP
129_goal_649,649,129,5,6,5,0,89,75,63,1,12:39,12:39,759,519,159,0,0,0,0,0,0,0,0,4,""
129_goal_650,650,129,5,6,5,0,66,209,,2,8:46,8:46,526,435,163,0,0,0,0,0,0,0,0,1,""
129_goal_651,651,129,5,5,6,1,220,,,2,12:59,12:59,779,15,201,0,0,0,0,0,0,0,0,3,""
129_goal_652,652,129,5,6,5,0,76,,,3,11:04,11:04,664,543,142,0,0,0,0,0,0,1,0,2,""
129_goal_653,653,129,5,6,5,0,73,89,,3,18:02,18:02,1082,342,59,0,0,1,0,0,1,0,0,2,EN
130_goal_654,654,130,5,4,2,1,40,,,1,8:45,8:45,525,53,176,0,0,0,0,0,0,0,0,2,""
130_goal_655,655,130,5,2,4,0,20,188,,2,1:32,1:32,92,525,119,0,0,0,0,0,0,0,0,4,""
130_goal_656,656,130,5,2,4,0,129,20,,3,10:39,10:39,639,403,137,0,0,0,0,0,0,0,0,1,""
130_goal_657,657,130,5,4,2,1,205,206,42,3,18:59,18:59,1139,61,165,0,0,0,0,0,0,0,0,5,""
131_goal_658,658,131,5,3,2,1,114,198,83,1,8:05,8:05,485,75,117,0,0,0,0,0,0,0,0,4,""
131_goal_659,659,131,5,3,2,1,26,39,138,2,2:00,2:00,120,81,124,0,0,0,0,0,0,0,0,3,""
131_goal_660,660,131,5,3,2,1,31,196,83,2,5:52,5:52,352,51,190,0,1,0,0,0,0,1,0,5,PP
131_goal_661,661,131,5,2,3,0,20,11,23,2,17:22,17:22,1042,545,129,0,0,0,0,0,0,0,0,5,""
131_goal_662,662,131,5,3,2,1,114,157,83,3,10:22,10:22,622,51,147,0,1,0,0,0,1,0,0,5,PP
131_goal_663,663,131,5,2,3,0,115,169,21,3,16:16,16:16,976,397,142,0,1,0,0,0,0,0,0,5,PP
132_goal_667,667,132,5,5,2,0,58,57,53,1,3:19,3:19,199,507,136,0,0,0,0,0,0,1,0,1,""
133_goal_668,668,133,5,1,6,1,15,1,,1,4:27,4:27,267,60,179,0,0,0,0,0,0,0,0,1,""
133_goal_669,669,133,5,1,6,1,2,15,167,1,17:48,17:48,1068,82,163,0,0,0,0,0,0,1,0,1,""
133_goal_670,670,133,5,1,6,1,183,15,,3,0:58,0:58,58,57,129,0,0,0,0,0,1,0,0,2,""
133_goal_671,671,133,5,6,1,0,76,68,65,3,14:50,14:50,890,527,172,0,0,0,0,0,0,0,0,3,""
133_goal_672,672,133,5,1,6,1,12,185,1,3,19:46,19:46,1186,530,206,0,0,1,0,0,0,0,0,3,EN
134_goal_679,679,134,5,2,1,1,21,115,20,1,11:04,11:04,664,139,206,0,0,0,0,0,0,0,0,3,""
134_goal_680,680,134,5,2,1,1,192,129,191,1,12:30,12:30,750,58,126,0,0,0,0,0,0,0,0,3,""
134_goal_681,681,134,5,1,2,0,13,15,5,2,10:54,10:54,654,513,154,0,0,0,0,0,0,0,0,5,""
134_goal_682,682,134,5,2,1,1,21,115,20,2,12:43,12:43,763,130,143,0,0,0,0,0,0,1,0,4,""
134_goal_683,683,134,5,1,2,0,78,181,13,3,3:36,3:36,216,537,104,0,0,0,0,0,0,0,0,5,""
134_goal_684,684,134,5,2,1,1,191,11,,3,5:54,5:54,354,53,131,0,0,0,0,0,1,0,0,1,""
134_goal_685,685,134,5,2,1,1,20,11,,3,11:14,11:14,674,47,189,0,0,0,0,0,0,0,0,6,""
135_goal_686,686,135,5,4,5,0,33,229,,1,2:04,2:04,124,555,138,0,0,0,0,0,0,1,0,2,""
135_goal_687,687,135,5,4,5,0,34,36,44,1,11:54,11:54,714,523,245,0,1,0,0,0,1,0,0,6,PP
135_goal_688,688,135,5,4,5,0,36,205,42,3,11:08,11:08,668,552,100,0,1,0,0,0,0,0,0,4,PP
136_goal_689,689,136,5,2,6,1,115,169,21,1,3:40,3:40,220,75,159,0,1,0,0,0,0,0,0,6,PP
136_goal_690,690,136,5,6,2,0,75,63,67,1,13:04,13:04,784,529,169,0,1,0,0,0,0,0,0,5,PP
136_goal_691,691,136,5,2,6,1,169,21,192,2,8:50,8:50,530,192,181,0,1,0,0,0,0,0,0,2,PP
136_goal_692,692,136,5,6,2,0,65,75,67,3,4:12,4:12,252,461,152,0,1,0,0,0,0,0,0,4,PP
136_goal_693,693,136,5,2,6,1,169,,,3,10:21,10:21,621,113,238,0,0,0,0,0,0,0,0,3,""
136_goal_694,694,136,5,6,2,0,67,65,89,3,11:55,11:55,715,423,148,0,1,0,0,0,0,0,0,2,PP
137_goal_695,695,137,5,5,3,0,161,60,71,1,10:02,10:02,602,528,158,0,0,0,0,0,0,0,0,4,""
137_goal_696,696,137,5,3,5,1,31,198,203,2,2:10,2:10,130,118,75,0,0,0,0,0,0,0,0,6,""
137_goal_697,697,137,5,3,5,1,198,51,84,2,7:31,7:31,451,110,141,0,0,0,0,0,0,1,0,3,""
137_goal_698,698,137,5,3,5,1,31,198,196,2,10:12,10:12,612,105,74,0,1,0,0,0,1,0,0,7,PP
137_goal_699,699,137,5,3,5,1,31,83,,3,16:16,16:16,976,90,238,0,0,1,0,0,0,0,0,8,EN
138_goal_700,700,138,5,6,3,0,65,89,67,1,11:12,11:12,672,558,121,0,1,0,0,0,0,0,0,5,PP
138_goal_701,701,138,5,3,6,1,99,32,201,1,17:07,17:07,1027,46,157,0,0,0,0,0,0,0,0,2,""
138_goal_702,702,138,5,3,6,1,98,32,,2,6:57,6:57,417,101,140,0,0,0,0,0,0,0,0,2,""
138_goal_703,703,138,5,6,3,0,89,73,63,2,13:13,13:13,793,493,197,0,1,0,0,0,0,0,0,7,PP
138_goal_704,704,138,5,3,6,1,32,,,3,10:13,10:13,613,145,188,0,0,0,0,0,0,0,0,4,""
138_goal_705,705,138,5,6,3,0,63,75,,3,16:27,16:27,987,543,138,0,0,0,0,0,0,0,0,3,""
139_goal_706,706,139,5,1,4,1,15,,,1,19:47,19:47,1187,95,123,0,0,0,0,1,0,0,0,2,SH
139_goal_708,708,139,5,1,4,1,181,12,13,3,2:48,2:48,168,88,138,0,0,0,0,0,0,0,0,4,""
139_goal_709,709,139,5,4,1,0,44,205,,3,14:36,14:36,876,518,121,0,0,0,0,0,0,0,0,3,""
139_goal_710,710,139,5,4,1,0,44,42,9,3,17:59,17:59,1079,500,219,0,0,0,0,0,0,0,0,4,""
140_goal_711,711,140,5,6,5,1,210,76,56,1,19:28,19:28,1168,109,93,0,1,0,0,0,0,0,0,1,PP
140_goal_712,712,140,5,5,6,0,53,88,58,2,3:40,3:40,220,545,185,0,0,0,0,0,0,0,0,4,""
140_goal_713,713,140,5,6,5,1,76,,,2,6:39,6:39,399,50,144,0,0,0,0,0,0,0,0,4,""
140_goal_714,714,140,5,6,5,1,67,75,63,2,16:21,16:21,981,78,171,0,1,0,0,0,0,1,0,3,PP
140_goal_715,715,140,5,6,5,1,76,,,3,2:48,2:48,168,104,184,0,0,0,0,0,1,0,0,5,""
140_goal_716,716,140,5,5,6,0,88,223,50,3,6:14,6:14,374,535,215,0,0,0,0,0,0,0,0,2,""
141_goal_717,717,141,5,3,4,0,31,114,196,2,0:34,0:34,34,528,183,0,0,0,0,0,0,0,0,9,""
141_goal_718,718,141,5,3,4,0,31,114,198,2,4:34,4:34,274,532,121,0,0,0,0,0,0,1,0,10,""
141_goal_719,719,141,5,4,3,1,230,205,44,3,13:53,13:53,833,96,85,0,0,0,0,0,0,0,0,1,""
142_goal_720,720,142,5,2,6,0,11,115,20,1,1:23,1:23,83,499,110,0,0,0,0,0,0,0,0,2,""
142_goal_721,721,142,5,2,6,0,192,11,,2,8:40,8:40,520,517,148,0,0,0,0,0,0,0,0,4,""
142_goal_722,722,142,5,6,2,1,89,100,63,2,12:00,12:00,720,39,172,0,0,0,0,0,0,0,0,8,""
142_goal_724,724,142,5,6,2,1,63,210,89,2,13:54,13:54,834,47,136,0,1,0,0,0,0,0,0,4,PP
142_goal_725,725,142,5,6,2,1,67,,,4,4:56,4:56,296,52,163,0,0,0,0,0,0,1,0,4,""
143_goal_726,726,143,5,1,4,0,78,13,,1,19:57,19:57,1197,440,131,0,0,0,0,0,0,1,0,6,""
143_goal_727,727,143,5,1,4,0,12,1,16,3,3:18,3:18,198,439,108,0,0,0,0,0,1,0,0,4,""
143_goal_728,728,143,5,1,4,0,16,17,118,3,13:48,13:48,828,548,135,0,0,0,0,0,0,0,0,2,""
143_goal_729,729,143,5,1,4,0,183,18,15,3,15:45,15:45,945,481,165,0,0,0,0,0,0,0,0,3,""
144_goal_730,730,144,5,5,2,1,220,57,53,1,5:45,5:45,345,80,121,0,0,0,0,0,0,0,0,4,""
144_goal_731,731,144,5,5,2,1,57,223,,1,7:48,7:48,468,77,151,0,0,0,0,1,0,0,0,1,SH
144_goal_732,732,144,5,2,5,0,189,129,,1,10:07,10:07,607,486,52,0,0,0,0,0,0,0,0,6,""
144_goal_733,733,144,5,2,5,0,115,21,20,1,15:32,15:32,932,477,149,0,0,0,0,0,0,0,0,7,""
144_goal_734,734,144,5,5,2,1,57,53,62,2,4:51,4:51,291,60,135,0,0,0,0,0,0,0,0,2,""
144_goal_735,735,144,5,5,2,1,161,223,,2,8:11,8:11,491,127,200,0,0,0,0,0,0,1,0,5,""
144_goal_736,736,144,5,5,2,1,161,4,72,2,15:19,15:19,919,69,121,0,0,0,0,0,1,0,0,6,""
144_goal_737,737,144,5,5,2,1,125,101,60,2,16:21,16:21,981,110,153,0,0,0,0,0,0,0,0,2,""
144_goal_738,738,144,5,5,2,1,58,4,62,3,9:30,9:30,570,171,246,0,1,0,0,0,0,0,0,2,PP
144_goal_739,739,144,5,5,2,1,161,4,72,3,9:52,9:52,592,101,87,0,0,0,0,0,0,0,0,7,""
144_goal_740,740,144,5,2,5,0,11,21,115,3,17:48,17:48,1068,425,204,0,0,0,0,0,0,0,0,3,""
145_goal_741,741,145,5,6,1,1,73,,,1,4:06,4:06,246,56,140,0,0,0,0,0,0,0,0,3,""
145_goal_742,742,145,5,1,6,0,12,1,16,2,4:58,4:58,298,488,191,0,0,0,0,0,0,0,0,5,""
145_goal_743,743,145,5,6,1,1,86,209,,2,19:40,19:40,1180,90,147,0,0,0,0,0,0,1,0,3,""
145_goal_744,744,145,5,6,1,1,65,76,73,3,17:31,17:31,1051,69,127,0,1,0,0,0,1,0,0,6,PP
146_goal_745,745,146,5,3,4,1,201,116,83,1,9:25,9:25,565,62,156,0,0,0,0,0,0,0,0,2,""
146_goal_746,746,146,5,3,4,1,114,51,198,1,9:59,9:59,599,98,139,0,0,0,0,0,0,0,0,6,""
146_goal_747,747,146,5,3,4,1,99,196,98,1,15:47,15:47,947,57,168,0,0,0,0,0,0,1,0,3,""
146_goal_748,748,146,5,3,4,1,201,51,,1,18:34,18:34,1114,211,129,0,0,0,0,0,1,0,0,3,""
146_goal_749,749,146,5,4,3,0,44,36,205,2,3:40,3:40,220,518,180,0,1,0,0,0,0,0,0,5,PP
146_goal_750,750,146,5,4,3,0,36,42,205,2,7:12,7:12,432,543,137,0,0,0,0,0,0,0,0,5,""
146_goal_751,751,146,5,3,4,1,138,26,,3,8:55,8:55,535,74,170,0,0,0,0,0,0,0,0,3,""
146_goal_752,752,146,5,3,4,1,31,198,114,3,9:24,9:24,564,69,171,0,0,0,0,0,0,0,0,11,""
147_goal_753,753,147,5,2,1,0,20,11,24,1,10:54,10:54,654,538,170,0,0,0,0,0,0,0,0,7,""
147_goal_754,754,147,5,2,1,0,192,23,11,1,12:49,12:49,769,479,138,0,0,0,0,0,0,0,0,5,""
147_goal_756,756,147,5,1,2,1,149,78,18,2,11:09,11:09,669,68,145,0,0,0,0,0,0,0,0,1,""
147_goal_757,757,147,5,1,2,1,78,149,,3,1:36,1:36,96,81,149,0,0,0,0,0,0,0,0,7,""
147_goal_758,758,147,5,1,2,1,13,15,180,3,13:23,13:23,803,105,107,0,0,0,0,0,0,1,0,6,""
147_goal_759,759,147,5,1,2,1,15,,,3,19:51,19:51,1191,290,285,0,0,1,0,0,1,0,0,3,EN
148_goal_765,765,148,5,1,4,0,15,13,18,1,11:40,11:40,700,495,81,0,1,0,0,0,0,0,0,4,PP
148_goal_766,766,148,5,4,1,1,36,228,,2,3:34,3:34,214,141,198,0,1,0,0,0,0,0,0,6,PP
148_goal_767,767,148,5,1,4,0,13,15,5,2,14:27,14:27,867,459,127,0,0,0,0,0,0,1,0,7,""
148_goal_768,768,148,5,1,4,0,16,,,3,7:36,7:36,456,567,183,0,0,0,0,0,1,0,0,3,""
148_goal_769,769,148,5,1,4,0,13,183,,3,17:45,17:45,1065,447,213,0,0,1,0,0,0,0,0,8,EN
149_goal_770,770,149,5,2,3,0,97,169,102,1,18:43,18:43,1123,512,163,0,0,0,0,0,0,1,0,1,""
149_goal_771,771,149,5,2,3,0,20,11,24,2,10:43,10:43,643,488,135,0,0,0,0,0,1,0,0,8,""
149_goal_772,772,149,5,2,3,0,104,195,188,3,14:27,14:27,867,509,145,0,0,0,0,0,0,0,0,2,""
149_goal_773,773,149,5,2,3,0,104,79,189,3,19:35,19:35,1175,207,15,0,0,1,0,0,0,0,0,3,EN
150_goal_774,774,150,5,6,4,0,89,209,63,2,7:53,7:53,473,175,165,0,0,0,0,0,0,0,0,9,""
150_goal_775,775,150,5,6,4,0,210,63,89,2,13:12,13:12,792,519,110,0,1,0,0,0,0,1,0,3,PP
150_goal_776,776,150,5,6,4,0,89,56,63,3,9:19,9:19,559,489,199,0,1,0,0,0,1,0,0,10,PP
150_goal_777,777,150,5,4,6,1,34,40,205,3,9:57,9:57,597,63,117,0,0,0,0,0,0,0,0,7,""
150_goal_778,778,150,5,6,4,0,210,89,67,3,11:17,11:17,677,536,171,0,1,0,0,0,0,0,0,4,PP
151_goal_779,779,151,5,1,5,0,17,16,1,1,8:18,8:18,498,500,122,0,0,0,0,0,0,0,0,1,""
151_goal_780,780,151,5,1,5,0,15,118,,1,16:12,16:12,972,510,150,0,0,0,0,1,0,0,0,5,SH
151_goal_781,781,151,5,5,1,1,223,161,224,3,16:27,16:27,987,115,112,0,1,0,0,0,0,0,0,2,PP
151_goal_782,782,151,5,5,1,1,161,53,60,3,19:57,19:57,1197,117,180,0,0,0,0,0,0,0,0,9,""
151_goal_783,783,151,5,1,5,0,78,,,4,4:12,4:12,252,485,153,0,0,0,0,0,0,1,0,8,""
152_goal_784,784,152,5,5,3,1,219,53,,1,9:08,9:08,548,47,129,0,0,0,0,0,0,0,0,1,""
152_goal_785,785,152,5,3,5,0,32,31,26,2,7:50,7:50,470,550,134,0,1,0,0,0,0,0,0,5,PP
152_goal_786,786,152,5,5,3,1,53,220,62,2,16:41,16:41,1001,39,114,0,0,0,0,0,0,1,0,5,""
152_goal_787,787,152,5,5,3,1,53,,,3,18:53,18:53,1133,405,272,0,0,1,0,0,1,0,0,6,EN
153_goal_788,788,153,5,2,6,1,115,195,,1,6:20,6:20,380,69,163,0,1,0,0,0,0,0,0,8,PP
153_goal_789,789,153,5,6,2,0,73,56,65,2,11:58,11:58,718,525,150,0,1,0,0,0,0,0,0,4,PP
153_goal_790,790,153,5,6,2,0,65,61,56,3,7:13,7:13,433,508,155,0,0,0,0,0,0,1,0,7,""
154_goal_795,795,154,5,6,3,0,65,76,56,1,4:10,4:10,250,498,215,0,0,0,0,0,0,0,0,8,""
154_goal_796,796,154,5,3,6,1,198,32,31,2,4:01,4:01,241,55,193,0,0,0,0,0,0,0,0,4,""
154_goal_797,797,154,5,3,6,1,31,196,203,2,15:06,15:06,906,140,147,0,0,0,0,0,0,1,0,12,""
154_goal_798,798,154,5,3,6,1,32,138,,3,19:00,19:00,1140,53,156,0,0,1,0,0,1,0,0,6,EN
155_goal_799,799,155,5,5,4,1,57,220,53,1,3:15,3:15,195,49,166,0,0,0,0,0,0,0,0,4,""
155_goal_800,800,155,5,4,5,0,44,35,37,1,17:39,17:39,1059,454,26,0,0,0,0,0,0,0,0,6,""
155_goal_801,801,155,5,5,4,1,217,219,224,2,2:30,2:30,150,181,178,0,0,0,0,0,0,0,0,1,""
155_goal_802,802,155,5,4,5,0,34,36,,2,9:42,9:42,582,511,152,0,0,0,0,0,0,0,0,8,""
155_goal_803,803,155,5,4,5,0,205,,,2,14:12,14:12,852,499,98,0,0,0,0,0,0,0,0,7,""
155_goal_804,804,155,5,5,4,1,4,58,62,2,17:58,17:58,1078,107,155,0,0,0,0,0,0,0,0,5,""
155_goal_805,805,155,5,5,4,1,53,57,220,3,5:21,5:21,321,46,167,0,0,0,0,0,0,0,0,7,""
155_goal_806,806,155,5,4,5,0,42,34,205,3,7:42,7:42,462,565,128,0,1,0,0,0,0,0,0,4,PP
155_goal_807,807,155,5,5,4,1,57,223,59,4,0:36,0:36,36,87,123,0,0,0,0,0,0,1,0,5,""
156_goal_813,813,156,5,3,2,1,32,198,83,2,0:17,0:17,17,60,167,0,0,0,0,0,0,0,0,8,""
156_goal_814,814,156,5,2,3,0,21,115,189,2,16:18,16:18,978,500,167,0,1,0,0,0,0,0,0,5,PP
157_goal_815,815,157,5,4,1,0,37,,,1,7:21,7:21,441,503,183,0,0,0,0,0,0,0,0,2,""
157_goal_816,816,157,5,1,4,1,15,13,183,1,14:48,14:48,888,86,163,0,0,0,0,0,0,0,0,6,""
157_goal_817,817,157,5,1,4,1,13,183,78,2,1:36,1:36,96,169,162,0,1,0,0,0,0,0,0,9,PP
157_goal_818,818,157,5,1,4,1,13,15,,2,12:16,12:16,736,96,163,0,0,0,0,0,0,1,0,10,""
157_goal_819,819,157,5,4,1,0,205,42,36,2,14:22,14:22,862,435,96,0,1,0,0,0,0,0,0,8,PP
157_goal_820,820,157,5,1,4,1,78,149,18,3,14:54,14:54,894,105,166,0,0,0,0,0,1,0,0,9,""
157_goal_821,821,157,5,1,4,1,13,15,183,3,19:52,19:52,1192,69,132,0,0,1,0,0,0,0,0,11,EN
158_goal_823,823,158,5,6,3,1,100,210,67,1,5:48,5:48,348,58,128,0,1,0,0,0,0,0,0,1,PP
158_goal_824,824,158,5,6,3,1,74,209,89,2,7:02,7:02,422,37,148,0,0,0,0,0,0,1,0,1,""
158_goal_825,825,158,5,6,3,1,66,63,208,2,8:01,8:01,481,48,135,0,0,0,0,0,1,0,0,2,""
158_goal_826,826,158,5,6,3,1,100,67,63,2,16:04,16:04,964,155,214,0,1,0,0,0,0,0,0,2,PP
158_goal_827,827,158,5,3,6,0,31,32,203,3,16:00,16:00,960,533,139,0,0,0,0,0,0,0,0,13,""
159_goal_838,838,159,5,2,6,0,192,169,,1,5:26,5:26,326,467,146,0,0,0,0,0,0,0,0,7,""
159_goal_839,839,159,5,6,2,1,67,63,210,2,18:55,18:55,1135,143,75,0,0,0,0,0,0,0,0,5,""
159_goal_840,840,159,5,2,6,0,20,189,24,4,2:39,2:39,159,550,135,0,0,0,0,0,0,1,0,10,""
160_goal_841,841,160,5,5,2,1,58,57,60,1,15:59,15:59,959,53,160,0,1,0,0,0,0,0,0,3,PP
160_goal_842,842,160,5,5,2,1,101,142,,2,13:41,13:41,821,70,134,0,0,0,0,0,0,0,0,1,""
160_goal_843,843,160,5,2,5,0,21,11,102,3,11:05,11:05,665,429,57,0,0,0,0,0,0,0,0,6,""
160_goal_844,844,160,5,2,5,0,169,21,192,3,13:18,13:18,798,406,113,0,0,0,0,0,0,0,0,4,""
160_goal_845,845,160,5,5,2,1,101,223,52,3,15:58,15:58,958,71,152,0,0,0,0,1,0,1,0,2,SH
161_goal_846,846,161,5,4,3,1,42,87,206,1,7:43,7:43,463,546,141,0,0,0,0,0,0,0,0,5,""
161_goal_847,847,161,5,3,4,0,98,201,,2,1:30,1:30,90,513,180,0,0,0,0,0,0,0,0,3,""
161_goal_848,848,161,5,4,3,1,205,40,47,2,12:24,12:24,744,69,129,0,0,0,0,0,0,0,0,9,""
161_goal_849,849,161,5,3,4,0,84,83,114,3,7:38,7:38,458,431,243,0,1,0,0,0,0,0,0,4,PP
161_goal_851,851,161,5,4,3,1,229,34,42,4,1:54,1:54,114,123,135,0,1,0,0,0,0,1,0,2,PP
162_goal_852,852,162,5,1,5,0,15,13,183,2,8:34,8:34,514,479,173,0,1,0,0,0,0,0,0,7,PP
162_goal_853,853,162,5,5,1,1,161,223,4,2,19:59,19:59,1199,45,141,0,0,0,0,0,0,0,0,10,""
162_goal_854,854,162,5,1,5,0,17,2,1,3,2:42,2:42,162,543,171,0,0,0,0,0,0,0,0,2,""
162_goal_855,855,162,5,1,5,0,13,149,,3,12:10,12:10,730,518,136,0,0,0,0,0,0,1,0,12,""
162_goal_856,856,162,5,1,5,0,149,13,,3,18:10,18:10,1090,554,155,0,0,1,0,0,1,0,0,2,EN
162_goal_857,857,162,5,1,5,0,49,,,3,19:11,19:11,1151,498,169,0,0,1,0,0,0,0,0,1,EN
162_goal_858,858,162,5,5,1,1,142,125,50,3,19:30,19:30,1170,53,141,0,0,0,0,0,0,0,0,1,""
163_goal_864,864,163,5,1,3,1,13,167,78,1,19:08,19:08,1148,97,140,0,1,0,0,0,0,0,0,13,PP
163_goal_865,865,163,5,3,1,0,51,201,116,2,6:08,6:08,368,529,149,0,0,0,0,0,0,0,0,1,""
163_goal_866,866,163,5,1,3,1,78,13,,2,11:47,11:47,707,97,198,0,0,0,0,0,0,0,0,10,""
163_goal_867,867,163,5,3,1,0,203,51,84,2,16:44,16:44,1004,444,122,0,1,0,0,0,0,0,0,2,PP
164_goal_868,868,164,5,6,4,1,63,,,1,16:11,16:11,971,87,110,0,0,0,0,0,0,0,0,7,""
164_goal_870,870,164,5,6,4,1,63,200,100,2,1:20,1:20,80,76,123,0,0,0,0,0,0,1,0,8,""
164_goal_871,871,164,5,4,6,0,34,44,87,2,10:39,10:39,639,558,171,0,0,0,0,0,0,0,0,9,""
165_goal_872,872,165,5,5,4,0,58,57,60,1,15:28,15:28,928,564,183,0,1,0,0,0,0,0,0,4,PP
165_goal_873,873,165,5,4,5,1,44,87,227,2,11:00,11:00,660,148,195,0,1,0,0,0,0,0,0,7,PP
165_goal_874,874,165,5,5,4,0,161,62,60,2,15:11,15:11,911,422,151,0,0,0,0,0,0,0,0,11,""
165_goal_875,875,165,5,5,4,0,161,,,2,17:29,17:29,1049,568,164,0,0,0,0,0,0,1,0,12,""
165_goal_876,876,165,5,4,5,1,42,87,,3,2:03,2:03,123,29,130,0,0,0,0,0,0,0,0,6,""
165_goal_877,877,165,5,5,4,0,161,4,58,3,3:55,3:55,235,549,168,0,0,0,0,0,1,0,0,13,""
165_goal_878,878,165,5,5,4,0,53,57,,3,11:27,11:27,687,516,161,0,0,0,0,0,0,0,0,8,""
166_goal_879,879,166,5,6,3,0,65,76,61,2,0:52,0:52,52,447,121,0,0,0,0,0,0,0,0,9,""
166_goal_880,880,166,5,6,3,0,100,75,73,2,12:10,12:10,730,529,150,0,0,0,0,0,0,1,0,3,""
166_goal_881,881,166,5,3,6,1,31,196,198,3,15:15,15:15,915,132,236,0,1,0,0,0,0,0,0,15,PP
167_goal_882,882,167,5,5,4,1,72,,,1,8:41,8:41,521,65,172,0,0,0,0,1,0,0,0,1,SH
167_goal_883,883,167,5,5,4,1,53,220,57,1,14:06,14:06,846,46,171,0,0,0,0,0,0,0,0,9,""
167_goal_884,884,167,5,5,4,1,58,161,71,2,15:58,15:58,958,78,202,0,0,0,0,0,0,0,0,5,""
167_goal_885,885,167,5,4,5,0,36,38,42,3,1:25,1:25,85,417,72,0,0,0,0,0,0,0,0,9,""
167_goal_886,886,167,5,4,5,0,205,44,36,3,4:27,4:27,267,535,173,0,1,0,0,0,0,0,0,11,PP
167_goal_887,887,167,5,4,5,0,35,38,9,3,7:43,7:43,463,400,34,0,1,0,0,0,0,0,0,2,PP
167_goal_888,888,167,5,4,5,0,35,,,3,11:09,11:09,669,451,69,0,0,0,0,0,0,1,0,3,""
167_goal_889,889,167,5,4,5,0,205,34,,3,12:24,12:24,744,539,92,0,0,0,0,0,1,0,0,12,""
167_goal_890,890,167,5,4,5,0,34,47,,3,17:56,17:56,1076,188,90,0,0,1,0,0,0,0,0,10,EN
168_goal_892,892,168,5,3,2,0,31,32,,1,5:50,5:50,350,523,116,0,0,0,0,0,0,0,0,16,""
168_goal_896,896,168,5,3,2,0,32,30,,2,0:24,0:24,24,549,131,0,0,0,0,0,0,1,0,9,""
168_goal_897,897,168,5,2,3,1,23,25,192,2,4:09,4:09,249,104,151,0,0,0,0,0,0,0,0,3,""
168_goal_902,902,168,5,3,2,0,31,32,,3,8:16,8:16,496,525,153,0,0,0,0,0,1,0,0,17,""
168_goal_903,903,168,5,3,2,0,32,196,31,3,14:40,14:40,880,491,80,0,1,0,0,0,0,0,0,10,PP
169_goal_907,907,169,5,2,6,1,21,20,115,1,1:01,1:01,61,75,153,0,0,0,0,0,0,0,0,7,""
169_goal_908,908,169,5,2,6,1,189,195,104,1,1:43,1:43,103,43,125,0,0,0,0,0,0,0,0,7,""
169_goal_909,909,169,5,2,6,1,11,23,192,2,3:55,3:55,235,196,138,0,0,0,0,0,0,1,0,5,""
169_goal_910,910,169,5,2,6,1,97,169,24,2,17:53,17:53,1073,62,117,0,0,0,0,0,1,0,0,2,""
169_goal_911,911,169,5,6,2,0,68,73,212,3,3:32,3:32,212,517,177,0,0,0,0,0,0,0,0,3,""
169_goal_912,912,169,5,6,2,0,63,,,3,7:35,7:35,455,524,120,0,0,0,0,0,0,0,0,11,""
169_goal_913,913,169,5,2,6,1,21,115,192,3,14:16,14:16,856,39,176,0,0,0,0,0,0,0,0,8,""
170_goal_914,914,170,5,4,3,0,35,227,,1,19:48,19:48,1188,495,165,0,0,0,0,0,0,1,0,4,""
171_goal_915,915,171,5,5,1,0,4,221,62,1,0:45,0:45,45,490,125,0,1,0,0,0,0,1,0,6,PP
171_goal_916,916,171,5,5,1,0,4,223,,2,7:42,7:42,462,408,231,0,0,0,0,0,1,0,0,7,""
171_goal_917,917,171,5,5,1,0,60,217,,2,15:29,15:29,929,387,188,0,0,0,0,0,0,0,0,3,""
171_goal_918,918,171,5,5,1,0,4,62,224,3,6:29,6:29,389,489,163,0,0,0,0,0,0,0,0,8,""
172_goal_532,532,172,5,3,5,0,31,,,2,8:02,8:02,482,469,162,0,0,0,0,1,0,0,0,1,SH
172_goal_533,533,172,5,5,3,1,50,58,219,2,15:11,15:11,911,85,75,0,0,0,0,0,0,0,0,1,""
172_goal_534,534,172,5,3,5,0,138,26,,2,17:57,17:57,1077,526,118,0,0,0,0,0,0,1,0,1,""
173_goal_618,618,173,5,3,1,0,32,198,196,1,6:28,6:28,388,561,167,0,1,0,0,0,0,0,0,3,PP
173_goal_619,619,173,5,3,1,0,114,83,30,1,16:36,16:36,996,525,223,0,0,0,0,0,0,0,0,3,""
173_goal_620,620,173,5,1,3,1,181,12,110,2,12:45,12:45,765,52,77,0,1,0,0,0,0,0,0,2,PP
173_goal_621,621,173,5,1,3,1,78,12,181,3,10:58,10:58,658,49,153,0,1,0,0,0,0,0,0,4,PP
174_goal_631,631,174,5,3,6,0,138,203,,1,4:53,4:53,293,540,129,0,0,0,0,0,0,0,0,2,""
174_goal_632,632,174,5,3,6,0,26,138,39,2,2:26,2:26,146,525,126,0,0,0,0,0,0,0,0,2,""
174_goal_633,633,174,5,3,6,0,31,83,,2,7:48,7:48,468,506,139,0,0,0,0,0,0,1,0,3,""
174_goal_634,634,174,5,6,3,1,63,67,65,2,8:29,8:29,509,125,98,0,1,0,0,0,0,0,0,2,PP
174_goal_635,635,174,5,6,3,1,65,73,67,3,6:53,6:53,413,127,69,0,0,0,0,0,0,0,0,3,""
174_goal_636,636,174,5,3,6,0,31,,,3,19:09,19:09,1149,243,197,0,0,1,0,0,1,0,0,4,EN
175_goal_641,641,175,5,3,2,0,157,199,,1,2:33,2:33,153,520,131,0,0,0,0,0,0,0,0,1,""
175_goal_642,642,175,5,2,3,1,189,21,,1,10:19,10:19,619,150,207,0,0,0,0,0,0,0,0,5,""
175_goal_644,644,175,5,2,3,1,11,104,24,2,9:30,9:30,570,111,224,0,1,0,0,0,0,0,0,1,PP
175_goal_645,645,175,5,3,2,0,198,196,31,2,14:37,14:37,877,582,212,0,1,0,0,0,0,0,0,2,PP
175_goal_646,646,175,5,2,3,1,79,,,3,7:27,7:27,447,144,168,0,0,0,0,0,0,1,0,1,""
175_goal_647,647,175,5,2,3,1,115,11,,3,18:21,18:21,1101,68,200,0,0,0,0,0,1,0,0,4,""
176_goal_664,664,176,5,3,5,1,157,84,83,2,19:29,19:29,1169,68,140,0,1,0,0,0,0,0,0,2,PP
176_goal_665,665,176,5,5,3,0,4,52,219,3,9:21,9:21,561,531,177,0,0,0,0,0,0,0,0,4,""
176_goal_666,666,176,5,3,5,1,84,83,114,3,13:47,13:47,827,118,71,0,1,0,0,0,0,1,0,1,PP
177_goal_673,673,177,5,6,4,1,89,68,210,1,18:34,18:34,1114,86,128,0,0,0,0,0,0,0,0,5,""
177_goal_674,674,177,5,4,6,0,44,34,205,2,10:31,10:31,631,453,200,0,1,0,0,0,0,0,0,2,PP
177_goal_675,675,177,5,6,4,1,89,,,2,18:47,18:47,1127,91,155,0,0,0,0,0,0,0,0,6,""
177_goal_676,676,177,5,4,6,0,42,36,229,3,1:01,1:01,61,501,142,0,0,0,0,0,0,0,0,3,""
177_goal_677,677,177,5,6,4,1,75,63,65,3,14:06,14:06,846,85,123,0,1,0,0,0,0,1,0,4,PP
177_goal_678,678,177,5,6,4,1,68,,,3,18:21,18:21,1101,507,159,0,0,1,0,0,1,0,0,2,EN
178_goal_760,760,178,5,5,6,1,57,60,71,1,3:48,3:48,228,42,173,0,1,0,0,0,0,0,0,3,PP
178_goal_761,761,178,5,6,5,0,63,89,67,2,15:54,15:54,954,469,151,0,1,0,0,0,0,0,0,5,PP
178_goal_762,762,178,5,6,5,0,210,65,89,2,19:36,19:36,1176,504,93,0,1,0,0,0,0,0,0,2,PP
178_goal_763,763,178,5,5,6,1,161,53,57,3,4:10,4:10,250,117,104,0,1,0,0,0,0,0,0,8,PP
178_goal_764,764,178,5,6,5,0,63,89,67,4,0:51,0:51,51,564,159,0,0,0,0,0,0,1,0,6,""
179_goal_791,791,179,5,4,1,1,205,44,,1,2:09,2:09,129,116,142,0,0,0,0,0,0,0,0,6,""
179_goal_792,792,179,5,1,4,0,8,167,2,1,6:27,6:27,387,448,109,0,0,0,0,0,0,0,0,2,""
179_goal_793,793,179,5,4,1,1,36,42,,1,19:10,19:10,1150,46,131,0,0,0,0,0,0,0,0,7,""
179_goal_794,794,179,5,1,4,0,110,13,15,2,19:23,19:23,1163,50,138,0,1,0,0,0,0,0,0,1,PP
180_goal_808,808,180,5,3,1,1,84,198,32,1,0:36,0:36,36,187,206,0,0,0,0,0,0,0,0,2,""
180_goal_809,809,180,5,1,3,0,110,,,1,7:39,7:39,459,472,208,0,0,0,0,0,0,0,0,2,""
180_goal_810,810,180,5,1,3,0,167,78,49,2,6:33,6:33,393,531,117,0,0,0,0,0,0,0,0,3,""
180_goal_811,811,180,5,3,1,1,84,,,3,13:01,13:01,781,188,226,0,0,0,0,0,0,0,0,3,""
180_goal_812,812,180,5,3,1,1,32,196,31,4,4:43,4:43,283,59,156,0,0,0,0,0,0,1,0,7,""
181_goal_828,828,181,5,2,5,1,20,104,195,1,5:47,5:47,347,47,137,0,0,0,0,0,0,1,0,9,""
181_goal_829,829,181,5,2,5,1,192,11,25,1,15:33,15:33,933,49,136,0,0,0,0,0,1,0,0,6,""
181_goal_830,830,181,5,2,5,1,104,20,,1,17:23,17:23,1043,57,150,0,0,0,0,0,0,0,0,4,""
181_goal_831,831,181,5,2,5,1,11,195,,3,0:37,0:37,37,76,150,0,0,0,0,0,0,0,0,4,""
181_goal_832,832,181,5,2,5,1,115,189,,3,18:27,18:27,1107,168,88,0,0,1,0,0,0,0,0,9,EN
182_goal_833,833,182,5,3,1,0,31,32,203,1,3:41,3:41,221,489,139,0,0,0,0,0,0,0,0,14,""
182_goal_834,834,182,5,3,1,0,157,26,199,1,7:39,7:39,459,548,159,0,0,0,0,0,0,0,0,3,""
182_goal_835,835,182,5,1,3,1,16,49,27,1,14:25,14:25,865,87,111,0,0,0,0,0,0,0,0,4,""
182_goal_836,836,182,5,1,3,1,110,49,27,2,12:59,12:59,779,128,133,0,0,0,0,0,0,0,0,3,""
182_goal_837,837,182,5,3,1,0,196,32,,4,0:21,0:21,21,514,201,0,0,0,0,0,0,1,0,2,""
183_goal_859,859,183,5,2,4,0,25,11,192,1,6:08,6:08,368,451,99,0,1,0,0,0,0,0,0,4,PP
183_goal_860,860,183,5,4,2,1,87,36,42,1,9:59,9:59,599,55,165,0,0,0,0,0,0,0,0,2,""
183_goal_861,861,183,5,4,2,1,40,205,207,1,14:11,14:11,851,46,120,0,0,0,0,0,0,1,0,3,""
183_goal_862,862,183,5,4,2,1,36,38,207,2,3:25,3:25,205,58,149,0,0,0,0,0,1,0,0,8,""
183_goal_863,863,183,5,4,2,1,205,47,,3,17:37,17:37,1057,299,255,0,0,1,0,0,0,0,0,10,EN
184_goal_891,891,184,5,1,6,1,13,15,78,1,16:28,16:28,988,58,169,0,1,0,0,0,0,0,0,14,PP
184_goal_894,894,184,5,6,1,0,63,68,,3,4:07,4:07,247,584,186,0,0,0,0,0,0,0,0,9,""
184_goal_895,895,184,5,6,1,0,61,200,76,3,5:41,5:41,341,504,177,0,0,0,0,0,0,0,0,1,""
184_goal_898,898,184,5,6,1,0,67,65,212,3,10:16,10:16,616,518,191,0,0,0,0,0,0,1,0,6,""
184_goal_899,899,184,5,1,6,1,13,78,15,3,12:53,12:53,773,39,176,0,0,0,0,0,0,0,0,15,""
184_goal_900,900,184,5,6,1,0,63,89,,3,16:26,16:26,986,471,161,0,1,0,0,0,1,0,0,10,PP
185_goal_904,904,185,5,1,5,1,78,,,1,8:24,8:24,504,114,150,0,0,0,0,0,0,0,0,11,""
185_goal_905,905,185,5,5,1,0,161,4,60,3,16:26,16:26,986,512,130,0,0,0,0,0,0,0,0,14,""
185_goal_906,906,185,5,5,1,0,161,58,57,3,16:58,16:58,1018,541,129,0,1,0,0,0,0,1,0,15,PP
